Date,Close,High,Low,Open,Volume
2015-01-02,25.923120498657227,26.242215020192692,25.8880503703178,26.130580496585207,28951268
2015-01-05,25.382736206054688,25.899410760547276,25.34272705018316,25.846557106842702,41196796
2015-01-06,24.7944393157959,25.4965938928673,24.749491129125847,25.438553689490497,57998800
2015-01-07,24.75196075439453,25.055444624051017,24.68033727632786,25.043391806191856,41301082
2015-01-08,24.830001831054688,24.86951783743109,24.25306511483548,24.598337968292704,67071641
2015-01-09,24.50843811035156,24.94064463797533,24.44027234250725,24.93274294877931,41427428
2015-01-12,24.32963180541992,24.49886063399997,24.083148925434163,24.447686697827784,46535413
2015-01-13,24.508930206298828,24.844816224100654,24.32172139863369,24.64032081878988,47409807
2015-01-14,24.740598678588867,24.85717033976876,24.35185705374877,24.433360476606907,44714427
2015-01-15,24.786043167114254,24.97819104849164,24.586979889248934,24.97275698283609,54316718
2015-01-16,25.096738815307617,25.1021728809052,24.69762408012894,24.69811911670285,45965854
2015-01-20,25.038450241088867,25.315062288466265,24.994784996926438,25.240971192865164,44640224
2015-01-21,25.58871459960937,25.649964979414708,25.0038742747562,25.05573974428319,45374234
2015-01-22,26.396324157714844,26.492151513616115,25.67071020586065,25.758632093041555,53538588
2015-01-23,26.67096328735352,26.78062144102117,26.327666776540912,26.455601604061933,45634948
2015-01-26,26.43682861328125,26.62403744553196,26.163181113094147,26.60082174401639,30874534
2015-01-27,25.61785697937012,26.214058569311696,25.59612260838591,26.17799837021289,38080263
2015-01-28,25.19157600402832,25.83322082059121,25.19157600402832,25.8228477267909,33676205
2015-01-29,25.22417640686035,25.245415741367083,24.75689782154542,25.24097174930589,83727244
2015-01-30,26.402742385864254,26.66700682259223,25.464232641563395,25.481027981131938,112127002
2015-02-02,26.104402542114254,26.32766781393322,25.613906326952385,26.26493609962377,56996054
2015-02-03,26.14194107055664,26.347424695607984,25.84655729672832,26.08069068966334,40773638
2015-02-04,25.82185935974121,26.31146560473317,25.74826140949721,26.14194015567299,33273101
2015-02-05,26.05994415283203,26.105389263161054,25.788764268840968,25.872737204079325,36995292
2015-02-06,26.228878021240234,26.535128052050126,26.00215315976697,26.06291039669796,35270570
2015-02-09,26.07229423522949,26.278272898981157,25.982889122067075,26.08069096211765,25355423
2015-02-10,26.52228164672852,26.55982317452411,26.027341505577564,26.144901338378112,34997823
2015-02-11,26.4743709564209,26.596871716436937,26.34633787963701,26.44127530734108,27555446
2015-02-12,26.818159103393555,26.91151694361246,26.410303810298775,26.53759621458025,32404724
2015-02-13,27.118486404418945,27.16294144343345,26.828041651687265,26.838909782612607,38006060
2015-02-17,26.8137149810791,27.167384558189564,26.727272536852368,27.01080186446372,32336537
2015-02-18,26.65861320495605,26.944612042335372,26.55043639222084,26.742586133682774,29061570
2015-02-19,26.8151969909668,26.827051415203226,26.575136397643416,26.57661772830988,19782163
2015-02-20,26.62157249450684,26.858670468303703,26.46597606352168,26.828044329264987,28887092
2015-02-23,26.273826599121094,26.497537770978838,26.150337654365128,26.47832203940964,29157834
2015-02-24,26.480297088623047,26.514874067011736,26.09303870957447,26.17947926609382,20101036
2015-02-25,26.864591598510746,26.980670099702134,26.44843595361113,26.47091098855329,36519991
2015-02-26,27.43807029724121,27.47067279832348,26.74752646194476,26.831992541827795,46230579
2015-02-27,27.58230781555176,27.893991909709964,27.31063287933366,27.376824181385977,48203982
2015-03-02,28.221479415893555,28.26148856852006,27.59959264097608,27.687516414686677,42592618
2015-03-03,28.335092544555664,28.42153311083485,27.98339739832422,28.17752164628789,34095352
2015-03-04,28.321754455566406,28.506491900200377,28.056996805786916,28.24766146308508,37536775
2015-03-05,28.41857147216797,28.54601127466136,28.323732285737638,28.40325745842095,27792094
2015-03-06,28.04093742370605,28.485247785778547,27.995246689691875,28.39633583182497,33182854
2015-03-09,28.098482131958008,28.168622372091598,27.83594654427195,28.00018338746822,21242161
2015-03-10,27.41485595703125,27.900904350213263,27.40102516576349,27.871268289962607,35846146
2015-03-11,27.22567176818848,27.569463305984865,27.200974735490277,27.42127733089077,36415706
2015-03-12,27.43955421447754,27.482032884309632,27.190106813449923,27.34076419347536,27792094
2015-03-13,27.035005569458008,27.582304328552446,26.88188057451728,27.340267375775955,34071287
2015-03-16,27.390155792236328,27.505741145597025,26.969801787208574,27.21430824807421,32819860
2015-03-17,27.208879470825195,27.355089084889592,27.068597069282056,27.2518531786937,36110871
2015-03-18,27.636638641357425,27.65046943200784,27.019197758691384,27.290870764549258,42690887
2015-03-19,27.56205368041992,27.700852850395417,27.470917835543823,27.63120574714921,23945563
2015-03-20,27.679119110107425,27.74629859010783,27.614412923295607,27.74284089222003,52337299
2015-03-23,27.60255622863769,27.777910634891967,27.45535844162552,27.682578315481155,32876014
2015-03-24,28.164674758911133,28.38201469234502,27.72110690784061,27.78778946279027,51665459
2015-03-25,27.6013240814209,28.266925287436862,27.599102085297805,28.179989689120788,43045859
2015-03-26,27.422760009765625,27.60700240192384,27.19949097845872,27.5422943258684,31452115
2015-03-27,27.08538627624512,27.42818959123245,27.07501318359627,27.315568792082253,37949906
2015-03-30,27.26766395568848,27.33879240483192,27.076997388242223,27.24741091155596,25750504
2015-03-31,27.06859588623047,27.400037962545195,27.00536913967957,27.167385906354607,31760961
2015-04-01,26.799884796142575,27.223694632337576,26.64873427445499,27.098231215695712,39261497
2015-04-02,26.45263671875,26.71541987710012,26.36950458952065,26.71541987710012,34327989
2015-04-06,26.513635635375977,26.59489152622347,26.158237238797668,26.28913470667658,26488525
2015-04-07,26.526235580444336,26.806307238384928,26.475853328934942,26.578596088744668,26057345
2015-04-08,26.752960205078125,26.86360654383447,26.59341483546429,26.59341483546429,23570536
2015-04-09,26.71196174621582,26.769754427599764,26.450661812279467,26.724309317826112,31157308
2015-04-10,26.673925399780277,26.78654620464316,26.540558408567342,26.78654620464316,28189181
2015-04-13,26.632434844970703,26.87397866570377,26.54056022018664,26.594895203938112,32906096
2015-04-14,26.19874382019043,26.553401583938356,26.08523497031426,26.48820036227332,52082601
2015-04-15,26.3044490814209,26.41311904320933,25.84458094514448,26.115265776590267,46376979
2015-04-16,26.367185592651367,26.45560442038732,26.160220614155072,26.174544554942024,25997180
2015-04-17,25.885578155517575,26.17157510731619,25.73541582111238,26.113289281867218,43037837
2015-04-20,26.44523048400879,26.48030061413544,25.90780969567933,25.96214468474522,33585958
2015-04-21,26.375581741333008,26.643303935235537,26.36100839415587,26.550439234028595,36895018
2015-04-22,26.642065048217773,26.72677864118717,26.26592044614402,26.39681792119106,31871263
2015-04-23,27.01919937133789,27.2148049297455,26.684794640550443,26.7228293171092,83697161
2015-04-24,27.911277770996094,28.21160055862152,27.525500720528743,27.96264820233459,98650102
2015-04-27,27.50794982910156,28.03198748998409,27.400468344260076,27.905188246488837,47960000
2015-04-28,27.424245834350582,27.54014861799313,27.26009966485911,27.47179579120149,29820000
2015-04-29,27.1964054107666,27.42424691609099,27.0886745041184,27.26525327677933,33976000
2015-04-30,26.61491584777832,27.17213808477087,26.50149012041253,27.13647466746932,41644000
2015-05-01,26.642650604248047,26.72388005244293,26.35537070330732,26.66890076646273,35364000
2015-05-04,26.785297393798828,26.94825509833166,26.501981576672463,26.673853717236952,26160000
2015-05-05,26.29098320007324,26.73378772823921,26.270724490456267,26.658005567698492,27662000
2015-05-06,25.965070724487305,26.3692416342742,25.80979173338311,26.31277723367361,31340000
2015-05-07,26.286022186279297,26.42272781723984,25.8427208479565,25.95366946928007,30926000
2015-05-08,26.65850257873535,26.80362954592621,26.0037052113974,26.580740266223707,30552000
2015-05-11,26.53368186950684,26.84473674725147,26.518823215953145,26.665930310272813,18106000
2015-05-12,26.20380973815918,26.410304238608177,26.01658387576357,26.33060901557877,32684000
2015-05-13,26.232534408569336,26.465428301776704,26.184736933180183,26.279092403235268,25046000
2015-05-14,26.66741752624512,26.697136725152337,26.370728131546944,26.43808900383643,28078000
2015-05-15,26.442049026489254,26.71070459200158,26.27017688022228,26.706048981338,39426000
2015-05-18,26.36527633666992,26.490093558691715,26.194394266436035,26.35091271993045,40068000
2015-05-19,26.61590385437012,26.779356604800764,26.401930924984757,26.44848892220306,39338000
2015-05-20,26.710506439208984,26.89129491287821,26.39856162742589,26.67187280605456,28616000
2015-05-21,26.87098693847656,26.936862695942647,26.54755047890265,26.645125579062224,29254000
2015-05-22,26.75211334228516,26.954197828416664,26.722394146347064,26.754093488342956,23524000
2015-05-26,26.366270065307617,26.697137779965946,26.245415008100608,26.653549997737027,48130000
2015-05-27,26.736263275146484,26.773906834992847,26.33605458678742,26.39004190975535,30500000
2015-05-28,26.735769271850582,26.776879978410346,26.56092500983568,26.64809867784504,20596000
2015-05-29,26.355863571166992,26.678804970161547,26.323174157857657,26.616396362473708,51948000
2015-06-01,26.44898223876953,26.5876699272395,26.239468430733112,26.5876699272395,38086000
2015-06-02,26.7060489654541,26.89525683719229,26.31723178663367,26.396481087748267,38780000
2015-06-03,26.762020111083984,26.920023687342084,26.603521498269632,26.74220920157157,34340000
2015-06-04,26.583213806152344,26.77588883691219,26.46533086374441,26.635717912637865,26966000
2015-06-05,26.41629409790039,26.60797904324893,26.37617346577096,26.565876375558428,27764000
2015-06-08,26.094343185424805,26.45542321230315,26.065120914211374,26.41530446895161,30412000
2015-06-09,26.08740997314453,26.21173216897824,25.905136379572056,26.130502716394773,29106000
2015-06-10,26.582719802856445,26.665436258271235,26.21916456196544,26.2196595985436,36300000
2015-06-11,26.479692459106445,26.696142454328378,26.400938194846336,26.668652811788125,24350000
2015-06-12,26.36676406860352,26.40589273833864,26.259280679422385,26.330605618039947,19116000
2015-06-15,26.1126708984375,26.167155148631515,25.95417229211987,26.15229460529069,32654000
2015-06-16,26.15972328186035,26.23352529183638,26.031438912497254,26.17210675276109,21436000
2015-06-17,26.21470642089844,26.299899951799347,26.008657829627712,26.22015560236439,25884000
2015-06-18,26.584697723388672,26.65503069565178,26.29048354858269,26.3008849834717,36662000
2015-06-19,26.582719802856445,26.65998896645889,26.400446201106487,26.60847682054145,37870000
2015-06-22,26.657012939453125,26.931909356134184,26.624321635573715,26.726355839255135,25006000
2015-06-23,26.77044105529785,26.820912109953447,26.51139523078688,26.728835311680143,23950000
2015-06-24,26.63967704772949,26.746663505247444,26.531700517206943,26.746663505247444,25732000
2015-06-25,26.510400772094727,26.79124140452363,26.510400772094727,26.690694200248057,26714000
2015-06-26,26.33506393432617,26.635717391528495,26.31822324438987,26.61095233789952,42182000
2015-06-29,25.83133125305176,26.18250482738563,25.78279122763135,26.004193450235967,38756000
2015-06-30,25.781309127807617,26.065616934461094,25.780814091253443,26.054225425357583,44344000
2015-07-01,25.847183227539062,26.03787809797741,25.66837868089903,25.990328139498413,39220000
2015-07-02,25.92445373535156,25.986367314019343,25.80954290424077,25.80954290424077,24718000
2015-07-06,25.897705078125,26.016084936810604,25.70651706221482,25.73128211429201,25610000
2015-07-07,26.00469398498535,26.06215034719236,25.51731159243925,25.91108105902442,31944000
2015-07-08,25.599035263061523,25.891465822893736,25.563373737014658,25.808055943306005,25934000
2015-07-09,25.789730072021484,25.94277950112055,25.77338441869026,25.91058512045811,36846000
2015-07-10,26.257793426513672,26.37815342397085,26.03094201107743,26.067595495177702,39134000
2015-07-13,27.071090698242188,27.09882785868144,26.37023047118404,26.39400356060139,44130000
2015-07-14,27.791767120361328,28.02698883458524,27.079018420460024,27.08149360316761,64882000
2015-07-15,27.748178482055664,28.05938073795027,27.578288370409,27.74372126386766,35692000
2015-07-16,28.7204704284668,28.761581134327724,27.984936830692835,27.990881048021564,95366000
2015-07-17,33.3307991027832,33.40697803819315,31.947402635169976,32.145526818145726,223298000
2015-07-20,32.83994674682617,33.13019681652776,32.34414318606352,32.65272094087672,117218000
2015-07-21,32.804290771484375,33.334270830903144,32.40804237351127,32.45311714978989,67544000
2015-07-22,32.79438018798828,33.613620235764415,32.640835739499444,32.73444676228851,78586000
2015-07-23,31.9117431640625,32.87016409545091,31.749280492224464,32.75327123566383,60582000
2015-07-24,30.88546371459961,32.10441938856091,30.833951572931703,32.046466103550536,72514000
2015-07-27,31.06872940063477,31.41742595913996,30.73389953359292,30.75866458673505,53508000
2015-07-28,31.105379104614254,31.344614000293515,30.87308038842289,31.344614000293515,34546000
2015-07-29,31.30003547668457,31.370863485041077,30.840388419306198,31.145004027245868,31502000
2015-07-30,31.332727432250977,31.46299384115652,30.810673613003583,31.204443058953203,29484000
2015-07-31,30.987001419067383,31.348576466673197,30.98155223851036,31.272794312102743,34122000
2015-08-03,31.264373779296875,31.355808159288003,30.973628624637545,30.973628624637545,26090000
2015-08-04,31.16728973388672,31.442681163254164,31.06377042964264,31.126179034066634,29818000
2015-08-05,31.886981964111328,32.08907026725975,31.360965889806877,31.418915404163823,46686000
2015-08-06,31.832490921020508,31.966177228972143,31.31588443128278,31.947403630930932,31452000
2015-08-07,31.466955184936523,31.83249242281873,31.190078610907605,31.711144232653496,28078000
2015-08-10,31.389196395874023,31.870141439446225,31.266310177710228,31.673999254548697,36184000
2015-08-11,32.729000091552734,33.42837326080571,32.40655373910793,33.14604753610217,100584000
2015-08-12,32.668582916259766,32.93803022792984,32.308490994053955,32.84293028759789,58734000
2015-08-13,32.51453399658203,32.91325760277268,32.27733212799155,32.65678709744582,36214000
2015-08-14,32.54772186279297,32.68318805656271,32.32681462235022,32.44321246045822,21442000
2015-08-17,32.73345184326172,32.758713816243294,32.25647102745316,32.53186243253995,21034000
2015-08-18,32.49868392944336,32.88849308260739,32.366437374543615,32.78447872600619,29122000
2015-08-19,32.73494338989258,33.03708193663373,32.40259250003919,32.52196432074868,42682000
2015-08-20,32.03804397583008,32.83846508386363,31.84338882389929,32.46549476324735,57106000
2015-08-21,30.3366641998291,31.702228219024565,30.32923487252364,31.68885656354625,85304000
2015-08-24,29.20389175415039,29.685331808681298,27.98741499904309,28.38118445762482,115406000
2015-08-25,28.829933166503903,30.58282914773236,28.78287824461793,30.457021850958512,70760000
2015-08-26,31.13608932495117,31.28914063637331,29.67146141534308,30.23116066874604,84718000
2015-08-27,31.58137321472168,31.877567553256995,30.80819606280335,31.670031990107887,69826000
2015-08-28,31.223264694213867,31.545216061228132,30.93499659667953,31.34412163307146,39574000
2015-08-31,30.62245750427246,31.49172470953107,30.594225304375986,31.08259966095761,43534000
2015-09-01,29.60905265808105,30.35548270798612,29.4262840404662,29.83540905251779,74042000
2015-09-02,30.428789138793945,30.428789138793945,29.70415388994733,29.9953940918091,51512000
2015-09-03,30.0280818939209,30.694767558080454,29.858240921752763,30.56053898168293,35192000
2015-09-04,29.75318717956543,29.89038787213315,29.4832449019638,29.71851572903774,41780000
2015-09-08,30.444639205932617,30.526365581071744,29.922583501236137,30.337157704804643,45590000
2015-09-09,30.34854888916016,31.03207530123809,30.194012466521208,30.769562342089984,34042000
2015-09-10,30.7760009765625,30.91518371471381,30.28465641653514,30.36737286727416,38106000
2015-09-11,30.99492645263672,30.995421489161277,30.581344220345528,30.696750082495985,27470000
2015-09-14,30.869613647460938,30.99938312434548,30.68090081505027,30.991458761187488,34046000
2015-09-15,31.45903205871582,31.635361430852683,30.896360673260265,31.040990701437543,41688000
2015-09-16,31.500635147094727,31.59821024292799,31.319351645880165,31.47537505925547,25730000
2015-09-17,31.843393325805664,32.2396379755239,31.453089114869364,31.59028982152052,45494000
2015-09-18,31.16728973388672,31.69974679624533,31.05683614026219,31.540753176957693,102668000
2015-09-21,31.47389030456543,31.52589748291485,31.003348627274768,31.422378162754708,35770000
2015-09-22,30.842374801635746,31.083094835579438,30.48277986042554,31.05585270869445,51258000
2015-09-23,30.82602310180664,31.15144156144524,30.709130253192285,30.810669413385856,29418000
2015-09-24,30.996414184570312,31.071699416583154,30.332700561660342,30.54271130963363,44802000
2015-09-25,30.311399459838867,31.193050045713573,30.263354465555285,31.193050045713573,43480000
2015-09-28,29.465412139892575,30.44191322871893,29.19249775477915,30.23066489955185,62554000
2015-09-29,29.469377517700195,29.96617124288844,29.2341047916259,29.583793309084875,46190000
2015-09-30,30.13556671142578,30.152407401077,29.75467577174117,29.880978109946604,48268000
2015-10-01,30.277721405029297,30.317345112077284,29.71108784545933,30.13309137881714,37352000
2015-10-02,31.051393508911133,31.072691416710747,29.87354854207142,30.075139890267348,53696000
2015-10-05,31.77256202697754,31.848839218091506,31.055849295619517,31.303503593209054,36072000
2015-10-06,31.96920585632324,32.157920627821305,31.52788635474329,31.642302171920903,43326000
2015-10-07,31.816648483276367,32.22522750803084,31.310938364999107,32.15742260943418,41854000
2015-10-08,31.658145904541016,31.9201638317062,30.98452587972583,31.76711440545301,43642000
2015-10-09,31.878551483154297,31.99643439623342,31.467841292162007,31.69974507834055,32974000
2015-10-12,32.030120849609375,32.12076165748479,31.650715039907872,31.803269422211333,25504000
2015-10-13,32.308982849121094,32.58199361003095,31.85577500970189,31.85577500970189,36154000
2015-10-14,32.25251770019531,32.6601595429987,32.138103786847594,32.35405688345829,28310000
2015-10-15,32.776546478271484,32.84539432957308,32.41595968321963,32.425867969410575,37714000
2015-10-16,32.79933166503906,32.93653234032026,32.551677398500146,32.89393653202517,32222000
2015-10-19,32.99250793457031,33.02816946038261,32.66956649826717,32.74881391352727,29546000
2015-10-20,32.20892333984375,32.92414898500505,31.90752927544232,32.890467611633305,49964000
2015-10-21,31.829029083251957,32.48580655175457,31.78543941403729,32.40061491735705,35822000
2015-10-22,32.283721923828125,32.58140138541587,31.89837186650022,32.03160849859533,81420000
2015-10-23,34.77066421508789,36.15752988668719,34.74590105100162,36.03370272954099,133078000
2015-10-26,35.30461120605469,35.6201233417593,34.73401540843432,34.748379027274375,54332000
2015-10-27,35.092124938964844,35.34621853910957,34.8969747054926,35.03714564407333,44916000
2015-10-28,35.31303024291992,35.31451535266629,34.824160834094364,35.03466852755825,43578000
2015-10-29,35.50967025756836,35.576039171408055,35.16741102535431,35.19168293411662,29120000
2015-10-30,35.207027435302734,35.56315515700961,35.16938199050011,35.45071763797154,38176000
2015-11-02,35.71720123291016,35.74246321293456,34.96135976745596,35.219417412016405,37726000
2015-11-03,35.76921081542969,35.89253916126306,35.40069955090651,35.6057580555732,31308000
2015-11-04,36.06391906738281,36.31107837249208,35.756335065557735,35.761285431580106,34134000
2015-11-05,36.21944427490234,36.62708231794019,36.13127864172491,36.13127864172491,37232000
2015-11-06,36.34376525878906,36.42549163507429,36.009430426613584,36.23182653782356,30232000
2015-11-09,35.9044189453125,36.39081303626616,35.633981669209085,36.16742689584029,41396000
2015-11-10,36.074317932128906,36.18675168941656,35.587923746609285,35.88015779871582,32160000
2015-11-11,36.424991607666016,36.70236318936509,36.16891793106853,36.279371527274,27328000
2015-11-12,36.218448638916016,36.54386521640196,36.09041179846756,36.20705524201052,36744000
2015-11-13,35.51362609863281,36.21448824064289,35.50025255444127,36.1164181025081,41510000
2015-11-16,36.10602569580078,36.13227397393656,35.23279619513637,35.44429020354768,38118000
2015-11-17,35.92473220825195,36.24891310831533,35.81214729963423,36.12236136781593,30218000
2015-11-18,36.65283584594727,36.72267378309806,36.00893316411876,36.037664176301945,33686000
2015-11-19,36.57408905029297,36.75190165761061,36.5255452335377,36.59043281547019,26542000
2015-11-20,37.47505569458008,37.54043453429221,36.80143560271229,36.976277990770825,44246000
2015-11-23,37.44433975219727,37.7775824690408,37.23829119089307,37.51715168924032,28290000
2015-11-24,37.06295394897461,37.40961933704894,36.535449072511774,37.24720578838213,46662000
2015-11-25,37.056522369384766,37.24721350203332,36.953003030322215,37.05602733275568,22442000
2015-11-27,37.16101837158203,37.31704176826884,37.02381769672474,37.07186268474732,16770000
2015-11-30,36.781620025634766,37.39233263571702,36.71574237540326,37.08920399515197,41952000
2015-12-01,37.99215316772461,38.0867542714127,36.98469335929015,37.00500119388389,42692000
2015-12-02,37.76134490966797,38.4337255763886,37.59195168892712,38.08428640012645,44608000
2015-12-03,37.27395248413086,38.088982880236586,36.931697081540456,37.94113323215941,51812000
2015-12-04,37.98076248168945,38.06397397214077,37.14814876170213,37.30169323400087,55146000
2015-12-07,37.8044319152832,38.07586311634547,37.40026289096938,38.02831315250175,36246000
2015-12-08,37.76084518432617,37.8812070904495,37.35617735351638,37.53894787725381,36590000
2015-12-09,37.22789001464844,37.85296618252892,36.50429402491216,37.60234167157343,54000000
2015-12-10,37.121395111083984,37.43789725236866,36.84253841582018,37.28930695092451,39768000
2015-12-11,36.596866607666016,36.93565674887565,36.49186218334344,36.710290431613984,44488000
2015-12-14,37.03768539428711,37.08523534472837,35.86875698532303,36.74149111108466,48250000
2015-12-15,36.82123947143555,37.54835364425856,36.801925489410856,37.29673905237207,53324000
2015-12-16,37.54885482788086,37.67268199802243,36.624855788965874,37.14815104247126,39866000
2015-12-17,37.11991500854492,37.77619743098063,37.09861710025421,37.763318922915566,31068000
2015-12-18,36.61865997314453,37.352708436649145,36.561205505738656,36.97528276964725,62974000
2015-12-21,37.03768539428711,37.14813898257668,36.652830462808986,36.95645407149562,30514000
2015-12-22,37.14813995361328,37.38836489429232,36.92673773480812,37.22986631497974,27308000
2015-12-23,37.16350555419922,37.356675641566426,36.850967402358535,37.320024037877424,31318000
2015-12-24,37.06889724731445,37.21501616983082,36.980735391925954,37.12586046240773,10544000
2015-12-28,37.76777648925781,37.79155335822439,37.12437260114779,37.29277571440697,30306000
2015-12-29,38.46567153930664,38.633084593148425,37.96193971026587,37.97481821885448,35300000
2015-12-30,38.18829727172852,38.515202804126446,37.98522268434316,38.46567269346455,25866000
2015-12-31,37.58797454833984,38.11399046193086,37.56122746406854,38.11399046193086,30018000
2016-01-04,36.74397659301758,36.85393517569106,36.21984244576303,36.80143484614667,65456000
2016-01-05,36.7806282043457,37.247205799127485,36.585474224583045,36.97230937061182,39014000
2016-01-06,36.83213806152344,37.00846931467082,36.1040338111393,36.15752798669016,38940000
2016-01-07,35.978721618652344,36.578539611928576,35.615659565819776,36.17288174474562,59274000
2016-01-08,35.38831329345703,36.31751196664921,35.31550513522272,36.22934633942314,49018000
2016-01-11,35.465579986572266,35.60550527019515,34.846939275309985,35.49431099908671,41812000
2016-01-12,35.96287155151367,36.095613133744784,35.529325383431825,35.7454296013568,40490000
2016-01-13,34.6993408203125,36.392305333310574,34.60275578984911,36.199630308926345,50034000
2016-01-14,35.40069580078125,35.75756422098232,34.13171693959294,34.93807851233038,44516000
2016-01-15,34.39670181274414,35.00543795034584,33.946963074015045,34.28971347389966,72162000
2016-01-19,34.7602653503418,35.16592324603269,34.34519798116029,34.83505743842461,45362000
2016-01-20,34.59482955932617,35.01088696689868,33.34714481531507,34.10744532552359,68900000
2016-01-21,34.998016357421875,35.62210638851913,34.3972081634409,34.77958805860756,48244000
2016-01-22,35.92226028442383,36.06491017201339,35.66821583310105,35.840533904416425,40236000
2016-01-25,35.249629974365234,36.141682076565765,35.16740855854611,35.839543503148974,34234000
2016-01-26,35.31748580932617,35.57702855072905,34.99256423549251,35.357606441886006,26634000
2016-01-27,34.671104431152344,35.574795419779065,34.39373284466069,35.34868467212609,43884000
2016-01-28,36.20508193969727,36.34030250305797,35.28331249840505,35.77218190121776,53528000
2016-01-29,36.798954010009766,36.89999815023759,35.999031625194895,36.23331239716483,69486000
2016-02-01,37.24720764160156,37.53746155351733,36.81480644029752,37.17093044476239,102784000
2016-02-02,37.8737678527832,39.12293763378295,37.8737678527832,38.85695566295295,126962000
2016-02-03,36.0064582824707,38.36164929914591,35.68698590034814,38.14966030336503,123420000
2016-02-04,35.0683479309082,36.00893627839534,34.763730399356255,35.80140259503966,103374000
2016-02-05,33.85781478881836,34.86923496985505,33.68841780823808,34.86329075207441,102114000
2016-02-08,33.81670379638672,33.880597523909074,32.84193522444498,33.07919000258334,84948000
2016-02-09,33.587364196777344,34.666641873153424,33.124746981383986,33.30058316675633,72178000
2016-02-10,33.88505554199219,34.73648818171635,33.7864865843931,34.020767356677666,52760000
2016-02-11,33.83502578735352,34.14409863948267,33.12961005354269,33.4333319763462,60480000
2016-02-12,33.79985427856445,34.36203053898924,33.611638390612306,34.18916833932889,42828000
2016-02-16,34.2258186340332,34.572536872039535,33.93110945434429,34.32388875547864,50400000
2016-02-17,35.0876579284668,35.154525644736474,34.244644782589184,34.57699566013661,49852000
2016-02-18,34.540340423583984,35.28330321388882,34.47495782370069,35.16690540776206,37664000
2016-02-19,34.716678619384766,34.82420735902058,34.37689460416445,34.425434637923786,31786000
2016-02-22,34.991580963134766,35.32739718485459,34.79593190654032,35.04061604171416,38996000
2016-02-23,34.46604537963867,35.08765625636106,34.35361163748772,34.74341696145832,40186000
2016-02-24,34.649810791015625,34.671603735650585,33.71962200989406,34.12280093290301,39272000
2016-02-25,34.956398010253906,34.96779140639251,34.20526522402829,34.67209215337569,32844000
2016-02-26,34.9227294921875,35.336806805534884,34.71420194687525,35.09658180362303,44870000
2016-02-29,34.56114959716797,35.2109927495824,34.55669048943825,34.68745193415986,49622000
2016-03-01,35.60327911376953,35.60327911376953,34.66021178530578,34.85090667191173,43028000
2016-03-02,35.60525894165039,35.662218371233365,35.26596998888003,35.61268826816536,32580000
2016-03-03,35.28677749633789,35.63498093090664,34.96978026035688,35.596840441399976,39160000
2016-03-04,35.210994720458984,35.48837013129747,34.96977965220866,35.414073078771,39442000
2016-03-07,34.4318733215332,35.072356127726465,34.02275018662466,35.013367422827166,59702000
2016-03-08,34.372928619384766,34.85931894951855,33.94547408069829,34.106451624931694,41526000
2016-03-09,34.931148529052734,34.95294147496425,34.37442133009081,34.59582360302467,28430000
2016-03-10,35.306583404541016,35.485884860290874,34.83802193294584,35.07378777817079,56670000
2016-03-11,36.000022888183594,36.00497703277453,35.51982230103732,35.66222278205966,39416000
2016-03-14,36.18180847167969,36.42995786832367,35.91731152923825,35.999532958147434,34366000
2016-03-15,36.07481002807617,36.270950291665166,35.89847878232268,36.00497209243753,34420000
2016-03-16,36.459171295166016,36.52752412378474,35.88560157859105,35.9777312757231,32488000
2016-03-17,36.542877197265625,36.80489510958279,36.45471157267454,36.47699955235129,37216000
2016-03-18,36.53396224975586,36.75189545727442,36.24816747332713,36.744961167322856,59614000
2016-03-21,36.75635528564453,36.77666311939418,36.33167819881548,36.47947871865476,36730000
2016-03-22,36.68998718261719,36.90049487298487,36.52703323467558,36.52703323467558,25394000
2016-03-23,36.55674743652344,36.936153260376734,36.46214255410028,36.76973029165631,28642000
2016-03-24,36.420040130615234,36.54124093975951,36.20705728510092,36.25708242498344,31898000
2016-03-28,36.33237838745117,36.6028195441508,36.281363162128464,36.49385102286149,26026000
2016-03-29,36.889102935791016,37.01194003151242,36.0961147739516,36.38487982254418,38076000
2016-03-30,37.17439270019531,37.53844478089872,37.0857320479349,37.153094795662895,35648000
2016-03-31,36.89801406860352,37.190244317254816,36.6993948441025,37.11099690939693,34376000
2016-04-01,37.1436882019043,37.16498611025368,36.50424457815826,36.58349577296012,31534000
2016-04-04,36.91484832763672,37.28682475380456,36.773188549227065,37.15110919156154,22684000
2016-04-05,36.54386901855469,36.79152332611216,36.42351089941856,36.553777307043696,22646000
2016-04-06,36.93466567993164,36.96190780302985,36.4329178457676,36.44332117006908,21074000
2016-04-07,36.66670608520508,36.99955202333522,36.468581883454114,36.9188195003764,29064000
2016-04-08,36.61073684692383,36.92277991495449,36.43242544264778,36.84947671866434,25816000
2016-04-11,36.45966720581055,36.90049156786596,36.45719202315804,36.80242143015904,24402000
2016-04-12,36.8058967590332,36.84255214575125,36.20756370171346,36.553787055435855,27060000
2016-04-13,37.23333740234375,37.365092697194726,36.86388899540289,37.106540030593926,34142000
2016-04-14,37.30664443969727,37.51021782066782,37.28212690529588,37.34676507205539,22706000
2016-04-15,37.59392166137695,37.6929818649814,37.28158008555023,37.34527730047189,36186000
2016-04-18,37.97085571289063,38.0421787636337,37.50972350794856,37.6662381903517,31176000
2016-04-19,37.342803955078125,38.13381193010288,37.11496242939919,38.11449416719059,40610000
2016-04-20,37.28038787841797,37.55092719878501,37.14863637818615,37.54438969425608,30584000
2016-04-21,37.600852966308594,37.66573675210501,37.12585226118116,37.41461722866126,61210000
2016-04-22,35.60129165649414,36.460652282249846,35.34571302230155,35.97425817371067,119038000
2016-04-25,35.81824493408203,35.85687667957446,35.44378946185369,35.46905144156775,39184000
2016-04-26,35.07478713989258,35.947816222776986,34.82148335957762,35.930678888652054,54892000
2016-04-27,34.96086502075195,35.1163934157384,34.29343859039718,35.03268311115498,61972000
2016-04-28,34.22681427001953,35.37345491147745,34.154006111226224,35.0807258300032,57346000
2016-04-29,34.32538604736328,34.55372260982426,34.12676679469962,34.21096835839543,49754000
2016-05-02,34.58294677734375,34.70330869064495,34.22582888802463,34.55421953911212,32906000
2016-05-03,34.29319381713867,34.5646212665735,34.2753611618157,34.51657626132319,30876000
2016-05-04,34.458614349365234,34.65921369978888,34.12725357699318,34.20056053952178,33870000
2016-05-05,34.742427825927734,34.78651252566638,34.459607056354635,34.557677185586364,33670000
2016-05-06,35.22238540649414,35.25903700391822,34.57784029225135,34.59136121354049,36586000
2016-05-09,35.310546875,35.59832177652601,35.16690694247068,35.26596714060605,30206000
2016-05-10,35.819732666015625,35.835581394613534,35.45023131115056,35.50125031086454,31392000
2016-05-11,35.428924560546875,35.88411247826054,35.3055924608381,35.8311171243274,33842000
2016-05-12,35.33085632324219,35.62507049120852,35.11737845000338,35.51659703742178,27214000
2016-05-13,35.20802307128906,35.49688634180123,35.13026076597386,35.26250732233555,26290000
2016-05-16,35.48836135864258,35.58692651514557,34.95144710160702,35.123814255828975,26342000
2016-05-17,34.98017883300781,35.73750532888617,34.87517441034729,35.46359898535494,40024000
2016-05-18,34.9999885559082,35.246157717911885,34.70280418602264,34.85337462735995,35336000
2016-05-19,34.687442779541016,34.968778392893284,34.513095492227094,34.788486889810144,33404000
2016-05-20,35.15403366088867,35.39376360837632,34.69736056241633,34.751844813159195,36568000
2016-05-23,34.88161087036133,35.24011174399329,34.878636872664,34.995034683430546,26614000
2016-05-24,35.66667938232422,35.710265270725614,35.01138327327296,35.01138327327296,38590000
2016-05-25,35.923248291015625,36.03419693756778,35.64760741305898,35.699862109398325,32584000
2016-05-26,35.86628723144531,36.07481097080922,35.67608740089378,35.80437365710382,31526000
2016-05-27,36.289283752441406,36.3524859416838,35.86034778254452,35.86084281912394,39500000
2016-05-31,36.44084167480469,36.63946089648113,36.21993447425747,36.24371134150991,42590000
2016-06-01,36.36308288574219,36.51464720293309,36.19022066061053,36.38190561098224,25072000
2016-06-02,36.17733383178711,36.307105174649045,35.868756087533306,36.281348164866365,26836000
2016-06-03,35.77812576293945,36.13226963544274,35.68996012751568,36.12137505197325,24526000
2016-06-06,35.49134063720703,35.905417942194845,35.395250638382194,35.905417942194845,31306000
2016-06-07,35.49629211425781,35.76029018345031,35.491337970047006,35.6542956823298,26724000
2016-06-08,36.07233810424805,36.08670172187387,35.690948345630844,35.85836517059188,31674000
2016-06-09,36.08719253540039,36.134742490526776,35.777919434593464,35.80437176598381,19778000
2016-06-10,35.632999420166016,35.9539569364363,35.48539539132577,35.63596963948676,24328000
2016-06-13,35.580989837646484,35.931668436591536,35.48935895081344,35.48935895081344,25178000
2016-06-14,35.57653045654297,35.784559149450125,35.3214430658561,35.48786979908633,26122000
2016-06-15,35.60872268676758,35.80981708845845,35.52898024451482,35.61268675756291,24290000
2016-06-16,35.18474578857422,35.49629383211547,34.83307333177887,35.41010834585758,39650000
2016-06-17,34.26148223876953,35.1084632012504,34.0996166469945,35.10004002330609,68048000
2016-06-20,34.36005401611328,34.79443911462114,34.34519536272195,34.6106785354977,41650000
2016-06-21,34.47050476074219,34.80879984173652,34.27584583654277,34.592347975778715,29312000
2016-06-22,34.545799255371094,34.71420238768412,34.32895055811208,34.62504667678157,23686000
2016-06-23,34.76422500610352,34.768189077393025,34.02770131629373,34.54530170580311,43428000
2016-06-24,33.44422912597656,34.14657636356165,33.356558535682936,33.441750164457915,88980000
2016-06-27,33.09949493408203,33.29960308032029,32.853030957691104,33.235210535623004,52580000
2016-06-28,33.68296432495117,33.69732794154269,33.33426967686766,33.62996896607735,43476000
2016-06-29,33.88456344604492,34.048953384919194,33.750827987060035,33.82958415266343,38652000
2016-06-30,34.280311584472656,34.29120994691527,33.86177516606283,33.95192094833346,31954000
2016-07-01,34.632476806640625,34.70380364435794,34.281798172821844,34.28526720789599,26894000
2016-07-05,34.42147445678711,34.52003963425974,34.120821001091834,34.476453744716004,29252000
2016-07-06,34.56114959716797,34.75481469211748,34.13121981283071,34.17530451687724,28238000
2016-07-07,34.44178009033203,34.5824460387165,34.08788188669584,34.57650182163051,26084000
2016-07-08,34.950462341308594,34.95442263344204,34.4950249670583,34.64683490587193,31504000
2016-07-11,35.41902542114258,35.4893583986749,35.0302063407506,35.0703269738078,22236000
2016-07-12,35.69392013549805,35.80783899636596,35.45963938126106,35.618633017304205,26738000
2016-07-13,35.51263427734375,35.860342630302085,35.5061950238313,35.84151990627303,18718000
2016-07-14,35.70927429199219,35.771682903808795,35.564644270795874,35.74047670844812,19004000
2016-07-15,35.654788970947266,35.94652418717079,35.61541278471847,35.94602915066446,25586000
2016-07-18,36.34475326538086,36.46115108751091,35.72116219304532,35.79644931109924,25910000
2016-07-19,36.50226593017578,36.50375103988566,36.10800142289754,36.1520823510545,24550000
2016-07-20,36.71178817749024,36.75834429437128,36.50920482766265,36.520598228019495,25794000
2016-07-21,36.5849838256836,36.736548157975015,36.44634712829716,36.670674281429086,20526000
2016-07-22,36.78855895996094,36.8133221273136,36.482456282551,36.7449692857029,25196000
2016-07-25,36.64144515991211,36.782114896550944,36.5290114010346,36.68602490156767,20648000
2016-07-26,36.574588775634766,36.73655267512535,36.36903519857479,36.60529616357832,23734000
2016-07-27,36.740509033203125,36.87374566337716,36.50424433889996,36.56764680588788,30250000
2016-07-28,36.94557189941406,37.08128372836815,36.618171316094575,37.00154126701462,70604000
2016-07-29,38.07882690429688,38.56225082524011,37.97877662772592,38.27299079840824,76830000
2016-08-01,38.28141403198242,38.6553706836993,37.69744473948335,37.69744473948335,54010000
2016-08-02,38.19175720214844,38.42801807881544,38.03226854554137,38.07387428204756,35690000
2016-08-03,38.29627227783203,38.29775738744872,37.98125520946967,37.99908786158456,25748000
2016-08-04,38.21849822998047,38.340341422493445,38.07906801957352,38.24871056518939,22806000
2016-08-05,38.744022369384766,38.78463803002117,38.25465807493425,38.32598110981065,36024000
2016-08-08,38.72124481201172,38.764335660865896,38.539513512156745,38.73312946689608,22158000
2016-08-09,38.84507369995117,39.076875495808274,38.66230319313803,38.68855524438955,26378000
2016-08-10,38.86587905883789,38.9714767797445,38.7716709575567,38.81981420706823,15728000
2016-08-11,38.87430191040039,39.11700210462216,38.781182125487774,38.88173123826088,19502000
2016-08-12,38.79356002807617,38.802228835637145,38.65388414966783,38.70836839875856,14810000
2016-08-15,38.75492858886719,39.005058076999006,38.63952083603756,38.81981238441679,18764000
2016-08-16,38.49241256713867,38.68261240746361,38.3093472992236,38.64893102828504,20560000
2016-08-17,38.62961959838867,38.67419934654285,38.31361240506453,38.50133709346455,18484000
2016-08-18,38.5102424621582,38.77572940536243,38.48547552136024,38.63456464484237,14388000
2016-08-19,38.407222747802734,38.49043423714499,38.29379891253444,38.38641987546717,17230000
2016-08-22,38.2452507019043,38.36363244699868,38.14123635218289,38.300728800660345,19028000
2016-08-23,38.24178314208984,38.45773619151272,38.22717011879696,38.41018623751885,18564000
2016-08-24,38.12092590332031,38.36164589013288,37.99363350986054,38.16748578397395,21440000
2016-08-25,38.10953903198242,38.2323761060509,37.80120686609091,37.990167213464325,18538000
2016-08-26,38.1159782409668,38.43990972481369,37.93320773959912,38.089231153990816,23334000
2016-08-29,38.2452507019043,38.38592042645941,37.97109872938516,38.0763525598226,16952000
2016-08-30,38.093692779541016,38.35997333835908,37.98224908465556,38.10558121547434,22600000
2016-08-31,37.99264526367188,38.09368561338172,37.90992882209814,37.99066133878603,24972000
2016-09-01,38.07832717895508,38.189275802554256,37.856429931756736,38.10160900695217,18502000
2016-09-02,38.21108627319336,38.33292952108721,38.06001697067645,38.2878585159813,21454000
2016-09-06,38.63803482055664,38.73313095781486,38.188292254307896,38.30964422155499,28856000
2016-09-07,38.651405334472656,38.7692882579467,38.44585182838609,38.63406772098014,17874000
2016-09-08,38.40227127075195,38.65141449842724,38.31608955604904,38.56423893162546,25406000
2016-09-09,37.62661361694336,38.2994891498587,37.62661361694336,38.14371514422111,37710000
2016-09-12,38.09022521972656,38.15312887280267,37.34627218710053,37.40224154945246,26220000
2016-09-13,37.62810134887695,37.95153781658159,37.43542632634095,37.86535233324312,27900000
2016-09-14,37.766788482666016,38.02385227427784,37.599375433302725,37.624138597775605,21748000
2016-09-15,38.2259407043457,38.32698106666015,37.64147636006547,37.78660142829512,26102000
2016-09-16,38.083282470703125,38.126373315153245,37.87426372228386,38.126373315153245,40986000
2016-09-19,37.925777435302734,38.33688445947583,37.86341795269492,38.25862334659206,23456000
2016-09-20,38.20860290527344,38.30370282844781,38.06595302051189,38.08923485420327,19572000
2016-09-21,38.44684600830078,38.4934058946696,38.05461080291666,38.27051475128092,23356000
2016-09-22,38.99119186401367,39.12195331501753,38.55680672998213,38.63407400127872,29724000
2016-09-23,38.975833892822266,39.076379208107184,38.8396232757123,38.96047642443733,28238000
2016-09-26,38.347286224365234,38.76978667016123,38.29082182956103,38.76978667016123,30664000
2016-09-27,38.783164978027344,38.93076523686579,38.35214682797605,38.41118844307351,23064000
2016-09-28,38.71133041381836,38.72371388215178,38.3849238038801,38.527573650117006,22196000
2016-09-29,38.38691329956055,38.92135248252465,38.34837980631891,38.70539562543207,26294000
2016-09-30,38.49983596801758,38.68062630736776,38.34133738511208,38.4522897941598,31706000
2016-10-03,38.26555252075195,38.43915915070515,38.113988237994434,38.34926280278158,25576000
2016-10-04,38.45724487304688,38.570177441789696,38.28190747110282,38.43743207539191,24028000
2016-10-05,38.459232330322266,38.73660396515736,38.41861665823497,38.59989829401575,29224000
2016-10-06,38.478546142578125,38.65784763128268,38.41316730561814,38.58454443034922,21414000
2016-10-07,38.390384674072266,38.61723612781099,38.175912913532855,38.61723612781099,18664000
2016-10-10,38.92828369140625,39.09867072084969,38.42950607344533,38.52064569455285,23498000
2016-10-11,38.78613662719727,39.24231474499271,38.66280449311101,38.96395301869858,27450000
2016-10-12,38.93819046020508,39.036759413473945,38.73610596726078,38.82030752441217,18748000
2016-10-13,38.54441833496094,38.69449752934584,38.2873545737315,38.69449752934584,27306000
2016-10-14,38.56125259399414,38.829709720851234,38.43594035481243,38.715790877560266,17050000
2016-10-17,38.6320915222168,38.92382675238069,38.51024451555361,38.62416715883221,21860000
2016-10-18,39.38990783691406,39.704429821110566,38.90970735128026,39.02288553521035,41138000
2016-10-19,39.69898223876953,39.852526684663296,39.52711010625968,39.537509651325145,35336000
2016-10-20,39.47461700439453,39.82133536380905,39.42805710961032,39.78814901562343,35150000
2016-10-21,39.593482971191406,39.59992222503101,39.32750475434857,39.377034860026754,25324000
2016-10-24,40.2740364074707,40.37656565124545,39.86342817475376,39.86738846693553,33950000
2016-10-25,40.00459289550781,40.45086647294058,39.87928062327804,40.45086647294058,31528000
2016-10-26,39.5786247253418,39.970414024909566,39.44241787804901,39.93871657082312,32954000
2016-10-27,39.39437484741211,39.797553786391546,39.20367996121896,39.67422166185107,54984000
2016-10-28,39.39536285400391,40.39192430822182,39.30719722460437,40.0382717175491,85398000
2016-10-31,38.85894012451172,39.469157628601295,38.83219303822273,39.400309766903206,48546000
2016-11-01,38.8128776550293,39.10411784527035,38.41316400350799,38.77721613076169,48128000
2016-11-02,38.07437515258789,38.71579891146151,37.81433737012686,38.54491683216126,37448000
2016-11-03,37.74895858764648,38.13629259966075,37.5954141084207,38.00255714189838,38864000
2016-11-04,37.74351119995117,38.15659842970289,37.17593477278,37.1808397915719,42696000
2016-11-07,38.75889205932617,38.891138622823455,38.26506851745676,38.36165355335879,31702000
2016-11-08,39.15464401245117,39.40838992393878,38.64348287274196,38.80247652080191,27338000
2016-11-09,38.89707946777344,39.19015620766497,38.22147931161159,38.63110125413083,52142000
2016-11-10,37.77024459838867,39.18732229420076,37.25611713958067,39.18732229420076,94904000
2016-11-11,37.347259521484375,37.68208937683035,37.16696797587683,37.47207674536652,48636000
2016-11-14,36.45867538452149,37.53696314777652,36.03567991565683,37.425515692375605,73088000
2016-11-15,37.56866455078125,37.86218344111496,36.99806878589592,36.99806878589592,47680000
2016-11-16,37.8653564453125,37.95847622919742,37.17341243639213,37.40570930170232,29452000
2016-11-17,38.19968795776367,38.27249611938284,37.852969649946125,37.98621005948214,26080000
2016-11-18,37.670196533203125,38.38641226657839,37.64344944851558,38.20661577853818,30942000
2016-11-21,38.09913635253906,38.1239032939368,37.673170657050015,37.77272968025183,26612000
2016-11-22,38.05307769775391,38.48349874919478,37.990170267236735,38.26903077829483,31862000
2016-11-23,37.6924934387207,38.05372276592766,37.40818750581473,38.02633326102033,29568000
2016-11-25,37.726661682128906,37.89110448528431,37.66920721988112,37.85445289166807,11748000
2016-11-28,38.05158996582031,38.610796114575045,37.63355237315744,37.64345688330325,43764000
2016-11-29,38.18037033081055,38.55977616776492,38.0515890286565,38.21454674727468,32332000
2016-11-30,37.54637145996094,38.28685913639081,37.38737783139638,38.14222912388781,47858000
2016-12-01,37.04512405395508,37.63602765993273,36.50548507407783,37.51665960676604,60358000
2016-12-02,37.17291259765625,37.346269854935024,36.80638150637565,36.88018351694032,29050000
2016-12-05,37.76827621459961,37.83662905300713,37.29179027101031,37.5300351322576,27884000
2016-12-06,37.59937286376953,38.080812885831264,37.511702273733015,37.87773454494496,33814000
2016-12-07,38.19770812988281,38.20612753017551,37.435427417565954,37.692986244203766,35220000
2016-12-08,38.45675277709961,38.54392833766634,38.00156476946751,38.26160256257853,29762000
2016-12-09,39.094215393066406,39.10114968367513,38.58558234273767,38.63407325123422,36438000
2016-12-12,39.09321975708008,39.19128988474759,38.84977517613847,38.88370218007647,42082000
2016-12-13,39.431522369384766,39.8416393872666,39.294816696757486,39.32255386054244,42904000
2016-12-14,39.47956466674805,39.82281393454123,39.32800034945533,39.49590843039348,34084000
2016-12-15,39.5181999206543,39.77328355673875,39.274010867290826,39.49293794164294,32530000
2016-12-16,39.16900634765625,39.66708868092525,39.14374436870307,39.64450216660914,48876000
2016-12-19,39.33740997314453,39.50878708942662,38.94463059746681,39.140279619944565,24642000
2016-12-20,39.447364807128906,39.55781840808093,39.29134517517071,39.46420738468692,19020000
2016-12-21,39.3552360534668,39.46004396346565,38.985734793698,39.41863473044717,24226000
2016-12-22,39.19178771972656,39.29382192542289,39.059046134470655,39.24627196763329,19444000
2016-12-23,39.12492370605469,39.26509841012141,38.99465729103911,39.17395877803317,12468000
2016-12-27,39.206153869628906,39.51869576051352,39.01333146615304,39.163063016596425,15782000
2016-12-28,38.88420486450195,39.3388978501057,38.79257397195417,39.312649574799,23076000
2016-12-29,38.77226257324219,38.92779095900979,38.58057762613571,38.79900966157378,14886000
2016-12-30,38.22890472412109,38.77176323614139,38.15906679184831,38.77027812671099,35400000
2017-01-03,38.93819046020508,39.11105268219292,38.42604304805116,38.57512840092508,33146000
2017-01-04,38.975833892822266,39.19575102622029,38.790588209333634,39.04814701167415,21460000
2017-01-05,39.328495025634766,39.351278043002495,38.88271651447466,38.93522061852296,26704000
2017-01-06,39.92930603027344,40.015986556168606,39.23854862466023,39.38991644858808,32804000
2017-01-09,39.95407485961914,40.118317421077656,39.76486507078202,39.94169138692054,25492000
2017-01-10,39.861934661865234,40.0769014127402,39.79853598416897,40.01399777150923,23536000
2017-01-11,40.0164794921875,40.02836792710561,39.69254798245584,39.87234450024638,21318000
2017-01-12,39.93970489501953,39.99072010859004,39.58357713634558,39.97833663785889,27062000
2017-01-13,40.01499557495117,40.180624983084776,39.956052214055255,39.99518277579889,21984000
2017-01-17,39.85302734375,39.978339612125566,39.64301847783209,39.97536939280337,27242000
2017-01-18,39.92533874511719,39.93202362712315,39.67372039103749,39.91246023868626,25888000
2017-01-19,39.732418060302734,40.09424063933894,39.71384474309545,39.87828756539294,18386000
2017-01-20,39.87333297729492,39.966947785444255,39.70839512030168,39.966947785444255,33400000
2017-01-23,40.58113479614258,40.65840207248073,39.80993958472703,39.98379190121419,39272000
2017-01-24,40.8069953918457,40.90754072277529,40.50738111334444,40.72923308042882,29480000
2017-01-25,41.39146041870117,41.396414563509936,40.865935620635135,41.09179700970817,29890000
2017-01-26,41.21710205078125,41.50686089818839,40.96251346854559,41.49744764681392,59478000
2017-01-27,40.77924728393555,41.70250159932981,40.63709246588489,41.34389870673223,59316000
2017-01-30,39.73960113525391,40.40925706961339,39.61478391089232,40.35081252853024,64932000
2017-01-31,39.4656867980957,39.68659396811624,39.15512890958382,39.46915205306352,43212000
2017-02-01,39.41146469116211,39.6836365607097,39.188327895746056,39.60884446860032,40594000
2017-02-02,39.55187225341797,39.75841582902621,39.22843582923974,39.317591519806825,30642000
2017-02-03,39.698486328125,39.92186870236831,39.64301201191889,39.77278336701657,29268000
2017-02-06,39.691062927246094,39.70740669110221,39.38941939839356,39.60983158670246,23690000
2017-02-07,39.96992111206055,40.144767270984,39.71285731541643,39.822320858729135,24824000
2017-02-08,40.03975677490234,40.211133889200056,39.78269299290821,39.97140394379792,23106000
2017-02-09,40.09820938110352,40.152693637194375,39.84956497256791,40.09573041925058,19794000
2017-02-10,40.30177688598633,40.380038009875854,40.109101853453474,40.204201778311216,22700000
2017-02-13,40.57766342163086,40.66280592374255,40.39192269712711,40.41718089623565,24266000
2017-02-14,40.63759231567383,40.76389842448624,40.41718014451833,40.56577423291952,21094000
2017-02-15,40.56478118896485,40.763895438965214,40.5395192132716,40.58360013271239,26272000
2017-02-16,40.82135772705078,40.83324616246849,40.56478896586667,40.61184011316033,25752000
2017-02-17,41.0150146484375,41.0150146484375,40.69727303504682,40.76488519144925,32220000
2017-02-21,41.19283676147461,41.28149742745341,41.028888973839706,41.04424266431246,25246000
2017-02-22,41.14826202392578,41.271594157050885,41.04325758163184,41.04424765482726,19658000
2017-02-23,41.17649459838867,41.23246396054245,40.757958194722185,41.11656116487581,29456000
2017-02-24,41.04325485229492,41.06108750534253,40.82333769256652,40.99818385146874,27844000
2017-02-27,41.074954986572266,41.13538345600324,40.81343208897737,40.84067421493121,22030000
2017-02-28,40.77429962158203,41.038297689591374,40.62521049063383,40.893172629775016,45216000
2017-03-01,41.370147705078125,41.42042224279828,40.97488947090965,41.053645607456986,29930000
2017-03-02,41.14182662963867,41.3340028603737,41.09278777512587,41.30131532923895,18850000
2017-03-03,41.06504440307617,41.17797697189822,40.9001594515817,41.13835137656049,17928000
2017-03-06,41.00065612792969,41.055140377434846,40.73417909766509,40.959545422535975,22180000
2017-03-07,41.20522689819336,41.27952395879293,40.93825478399579,40.98184067977705,20752000
2017-03-08,41.37659454345703,41.51429026965318,41.19927322351555,41.28446484905388,19796000
2017-03-09,41.5405387878418,41.70498160184766,41.31913654430402,41.40779720480144,25230000
2017-03-10,41.76689529418945,41.849116701426325,41.58115457314401,41.76838418261906,34080000
2017-03-13,41.88032531738281,42.03609933361042,41.76689770904047,41.80404812274029,24472000
2017-03-14,41.88427734375,41.96451859375719,41.64554129729365,41.78620722412173,15598000
2017-03-15,41.962547302246094,42.033375317044346,41.644064975020896,41.981865064165135,27630000
2017-03-16,42.04080581665039,42.14333506762963,41.90954932971568,42.0531892883981,19552000
2017-03-17,42.20623779296875,42.26963648108144,41.95808844253089,42.18097959237596,34246000
2017-03-20,42.0219841003418,42.11213366064421,41.86101030046914,42.101730334876585,24630000
2017-03-21,41.13339614868164,42.27458756778897,41.06207310207668,42.17057321694646,49270000
2017-03-22,41.09030151367188,41.38550573982863,40.97093348418046,41.20521421497631,28030000
2017-03-23,40.49544525146485,40.74260453405208,40.23179104848172,40.66483844772286,69742000
2017-03-24,40.33941650390625,40.71089793365682,40.06501513122653,40.61926705690112,39620000
2017-03-27,40.59103393554688,40.69604214167795,39.79160662854285,39.96892795661592,37886000
2017-03-28,40.6608772277832,40.91199679709937,40.31946072516365,40.63561524832586,32410000
2017-03-29,41.18045425415039,41.24756760615111,40.73319062148703,40.86296199654653,35726000
2017-03-30,41.18491363525391,41.29288828724939,41.06108647686704,41.28397385040141,21106000
2017-03-31,41.08881759643555,41.19184186775523,40.98133421789519,41.05959532852244,28038000
2017-04-03,41.53410339355469,41.64802225283875,41.07197736619758,41.07197736619758,33430000
2017-04-04,41.33697128295898,41.36718362702498,41.062868421567245,41.17797764140393,20908000
2017-04-05,41.18045425415039,41.72727691675806,41.146277837737415,41.38353260643185,31106000
2017-04-06,41.00561141967773,41.42711803143924,40.93527844144438,41.229488862319954,25088000
2017-04-07,40.84661865234375,41.035579017655046,40.64071745594513,41.00957259348753,21146000
2017-04-10,40.849586486816406,41.07841806535807,40.80203652805512,40.88227779200943,19578000
2017-04-11,40.7812385559082,40.98317569343557,40.46771034702369,40.84860132048702,21594000
2017-04-12,40.82927703857422,40.94517982229164,40.66582429797516,40.71089907232818,18010000
2017-04-13,40.7916374206543,40.93131330038325,40.68662921368747,40.7213006653544,22448000
2017-04-17,41.46575164794922,41.494478881773446,40.836707607321976,40.86345469506308,17900000
2017-04-18,41.44841384887695,41.552923237868455,41.24484425150307,41.31963255485608,16734000
2017-04-19,41.51726150512695,41.71588073631574,41.42216158937168,41.59551884262103,19084000
2017-04-20,41.68764877319336,41.863481210009766,41.57224102291669,41.67724544848768,19180000
2017-04-21,41.7639274597168,41.79810387526546,41.635641197548935,41.74857376927294,26472000
2017-04-24,42.733245849609375,42.76742226440803,42.09429729328458,42.16066997677901,27450000
2017-04-25,43.20576858520508,43.33950023750568,42.7357182089196,42.84419166336276,33440000
2017-04-26,43.17753601074219,43.39151271752071,42.980307410145535,43.30136316402911,24744000
2017-04-27,43.3023567199707,43.35931615199995,43.11067177406191,43.27016045108666,40536000
2017-04-28,44.87297439575195,45.41236387293147,44.863564923798805,45.10577002233909,65526000
2017-05-01,45.20037841796875,45.35441790998886,44.64959172218072,44.67386362702691,42320000
2017-05-02,45.39205932617188,45.606531060852426,45.04598723627591,45.05425925860374,31744000
2017-05-03,45.91708755493164,45.96958787588737,45.19903900628102,45.31380055865304,29990000
2017-05-04,46.14592361450195,46.357421365126605,45.79574005327258,45.86904702983718,28442000
2017-05-05,45.92154693603516,46.30640194639689,45.82595197911989,46.23903918788911,38226000
2017-05-08,46.27667999267578,46.406696981150354,45.828921376522665,45.871517188127775,26596000
2017-05-09,46.171180725097656,46.4351787739524,46.04041929190144,46.40793665124883,31636000
2017-05-10,46.00327301025391,46.16276168994491,45.823971532372646,46.16177161687113,23478000
2017-05-11,46.09341812133789,46.18901307624817,45.71847140745272,45.83189523524384,16700000
2017-05-12,46.17366409301758,46.23409256595128,45.95721596140002,46.13948767445637,21012000
2017-05-15,46.41437911987305,46.47232862474182,46.03100922949563,46.2098156671791,22162000
2017-05-16,46.70760345458984,46.71304885640958,46.43914627854845,46.55900935996421,19390000
2017-05-17,45.5495719909668,46.52597302675075,45.47626879147094,46.344544018038754,47242000
2017-05-18,46.07558441162109,46.220709456606,45.506473849575016,45.6179175195482,31938000
2017-05-19,46.262325286865234,46.44781662923147,46.11323613862796,46.136517973780926,27860000
2017-05-22,46.6511344909668,46.65227572019771,46.31135427143962,46.31135427143962,22408000
2017-05-23,46.99587631225586,47.126981643502525,46.68655404070471,46.95129656957076,25416000
2017-05-24,47.29998397827149,47.30642323094452,47.02954292381234,47.20191007884469,20496000
2017-05-25,48.02215576171875,48.17515607077559,47.32525386496035,47.41738357091781,33210000
2017-05-26,48.11774444580078,48.291596730431095,47.79876333033911,48.03007385928112,25040000
2017-05-30,48.33617401123047,48.35202651642489,48.0196718485228,48.06028751618183,29334000
2017-05-31,47.79034423828125,48.50408484756576,47.55853867134688,48.293577187045294,48962000
2017-06-01,47.89386749267578,48.11923382469124,47.55012318492814,47.99292770642295,28210000
2017-06-02,48.32230758666992,48.33617616751828,47.84681176662392,48.01818888108009,35020000
2017-06-05,48.72251892089844,48.88250642475153,48.29754703588497,48.36936512669745,25042000
2017-06-06,48.37034606933594,48.9488660947644,48.29951806502085,48.696756490758574,36292000
2017-06-07,48.58680725097656,48.73738150276388,48.33915292770363,48.54024736149528,29078000
2017-06-08,48.70914077758789,48.76659524035664,48.40155307359385,48.6566366796065,29638000
2017-06-09,47.04590225219727,48.76313498016156,46.342564877588046,48.76313498016156,66188000
2017-06-12,46.70264434814453,47.02236611275926,45.33227379305344,46.5372114712986,75270000
2017-06-13,47.22271728515625,47.54863268249581,46.76158512706717,47.14891905921367,40266000
2017-06-14,47.09196090698242,47.6065872923786,46.670454296221536,47.54566378752225,29794000
2017-06-15,46.67342376708984,46.724389852581446,45.78830607298763,46.26033659652342,42662000
2017-06-16,46.54811096191406,46.66005345877674,46.14270249726088,46.559009323354566,61894000
2017-06-19,47.41936111450195,47.54913248688236,47.00726397985744,47.05233875723006,30666000
2017-06-20,47.08552551269531,47.62986920718734,47.05481435249082,47.42679085731784,22520000
2017-06-21,47.52238464355469,47.55458091259532,47.091959827091536,47.234609705027545,24044000
2017-06-22,47.40549850463867,47.58529504242711,47.27969118762796,47.485244744302165,18828000
2017-06-23,47.82650375366211,47.84681158832189,47.262347269815365,47.3926136777781,30558000
2017-06-26,47.166751861572266,48.20888311528139,47.09344866600975,48.03998118575967,31968000
2017-06-27,45.931453704833984,46.96962087325179,45.90767683607451,46.68085586590033,51598000
2017-06-28,46.583282470703125,46.69522119164508,45.37026911348608,46.014171834983046,54428000
2017-06-29,45.458927154541016,46.12610789168446,45.10378947147519,46.05973520985801,65984000
2017-06-30,45.01018142700195,45.86805708793099,44.98937855535175,45.86805708793099,41804000
2017-07-03,44.51338958740234,45.268237216441136,44.31972070138692,45.18106543375619,34196000
2017-07-05,45.15777587890625,45.29646167210781,44.50347368954176,44.664946276558176,36278000
2017-07-06,44.90913772583008,45.31796611768492,44.56291823149759,44.78184531195752,28490000
2017-07-07,45.49855041503906,45.6446655359598,45.016120352523565,45.016120352523565,32756000
2017-07-10,46.00426483154297,46.08252595420424,45.54808675600938,45.656065187632905,23856000
2017-07-11,46.06815719604492,46.13452609724892,45.6674497117957,46.04091507290083,22264000
2017-07-12,46.74871444702149,46.87105271183388,46.28510328744147,46.493627034603165,30642000
2017-07-13,46.91365051269531,47.27472863385013,46.70809699258337,46.87055588371551,25894000
2017-07-14,47.35100555419922,47.396575365484495,46.955501613662825,47.15337639833245,21076000
2017-07-17,47.22371292114258,47.58627614800188,47.0167234194414,47.401030463604,23310000
2017-07-18,47.81708908081055,47.947850511089136,47.084030745537525,47.20290752135765,23080000
2017-07-19,48.08901596069336,48.195509276577546,47.74923573650945,47.93794668390751,24490000
2017-07-20,47.95329666137695,48.337157749965606,47.62441107108312,48.2925817960279,32490000
2017-07-21,48.18955993652344,48.20491362505262,47.55705069893394,47.661065042218645,34220000
2017-07-24,48.55708312988281,48.84733703198612,48.08307620087284,48.15489428741834,64966000
2017-07-25,47.08898162841797,47.534760059612886,46.826468713076565,47.24302109936951,93220000
2017-07-26,46.945350646972656,47.30197345988137,46.671890194125005,47.28612473274472,41766000
2017-07-27,46.26627731323242,47.14248057681121,45.56838921911928,47.14248057681121,64260000
2017-07-28,46.63479232788086,46.74871497292903,45.93987439613018,46.03398424295671,36928000
2017-07-31,46.08845901489258,46.736816926427856,45.86754806066061,46.65261538548127,39402000
2017-08-01,46.10480880737305,46.43255320203178,46.02704650882252,46.1815810329223,25554000
2017-08-02,46.0830192565918,46.19248279376317,45.40395005268063,45.99485362722924,36488000
2017-08-03,45.74917984008789,46.17465052103194,45.67934189873799,46.08054067354652,24050000
2017-08-04,45.9626579284668,46.07890838021578,45.71847265098685,45.90272827549774,21646000
2017-08-07,46.03200149536133,46.147904289524895,45.89034546386527,46.01714284104125,20644000
2017-08-08,45.90470886230469,46.35167396045513,45.84626053949935,45.91956751655377,21232000
2017-08-09,45.712032318115234,45.86458670573479,45.43218174269898,45.59860471101123,23842000
2017-08-10,44.93637847900391,45.53174115973897,44.88139919229302,45.44704078635675,36480000
2017-08-11,45.290523529052734,45.45843159884964,44.854154515936415,44.97253248263814,24136000
2017-08-14,45.70063781738281,45.7995997744446,45.47874053165391,45.69370352720379,21290000
2017-08-15,45.67835235595703,45.89282032681291,45.5594793433198,45.77790760655079,17668000
2017-08-16,45.913124084472656,46.19742997224043,45.73902239162708,45.83040764162892,20134000
2017-08-17,45.12162399291992,45.908172803745416,45.12162399291992,45.85468240576118,25544000
2017-08-18,45.10626983642578,45.33435697229069,44.93211900875862,45.08843718467876,26854000
2017-08-21,44.90764999389648,45.22167697846324,44.74617739401035,45.07308288595862,18868000
2017-08-22,45.80069351196289,45.85864301806057,45.14614184256667,45.207809791051055,23334000
2017-08-23,45.91510772705078,46.06023279045621,45.53669197024534,45.66398816037854,21804000
2017-08-24,45.63179016113281,46.1053058204588,45.34550411640293,45.99732739621731,25406000
2017-08-25,45.36481475830078,45.84353015531031,45.34550077756085,45.74125032695831,21068000
2017-08-28,45.26179504394531,45.53099666760274,45.16570505143625,45.37026850764568,21730000
2017-08-29,45.63228225708008,45.73332638459944,44.82542568310862,44.830379826912726,23712000
2017-08-30,46.04240417480469,46.10426862710924,45.55105584260468,45.57086864105516,26024000
2017-08-31,46.52582931518555,46.6570858123448,46.15088255107438,46.15088255107438,31652000
2017-09-01,46.42725372314453,46.681842295965104,46.31878027043024,46.614974581428285,18948000
2017-09-05,45.9869270324707,46.410413764319074,45.6654707269774,46.21625364187008,26528000
2017-09-06,45.95522689819336,46.10902076452405,45.53223519276004,46.07112968639496,30554000
2017-09-07,46.3584098815918,46.38119289859616,45.7476935199881,46.14938732070903,24254000
2017-09-08,45.89034652709961,46.40992329831495,45.81010525722611,46.3851601335094,20230000
2017-09-11,46.01813125610352,46.47876841795398,45.91114668151063,46.27420874179059,25340000
2017-09-12,46.16622924804688,46.23606718656358,45.75963043463949,46.1919862627609,22688000
2017-09-13,46.31581115722656,46.42279572413507,46.05676347095108,46.09638906413404,22052000
2017-09-14,45.82149887084961,46.20090471875161,45.76651958099068,46.12561759304816,27952000
2017-09-15,45.5827522277832,45.88984490274622,45.3880970775953,45.7992040991818,50108000
2017-09-18,45.32073974609375,45.6714183476097,45.10280273915803,45.56888909819613,26138000
2017-09-19,45.65804290771485,45.6882552516274,45.199385894869486,45.44060094635495,18734000
2017-09-20,46.14196395874024,46.25588661629862,45.667458159104015,45.71599819746064,33396000
2017-09-21,46.18505096435547,46.38713544877351,45.75809520042914,46.21229308803798,25812000
2017-09-22,45.99089431762695,46.29798705312664,45.8893589123462,45.95226256921112,21054000
2017-09-25,45.616432189941406,45.88538437335492,45.058219990909805,45.83832945586117,37136000
2017-09-26,45.809112548828125,46.10431681560054,45.62485692799893,45.75264815278986,33338000
2017-09-27,46.78140258789063,47.04936473256627,45.95176291714159,45.95176291714159,44788000
2017-09-28,47.0295524597168,47.08849581861322,46.58625290280048,46.62637353630498,20406000
2017-09-29,47.50554656982422,47.53902766701439,47.12911096072728,47.153379087832846,31620000
2017-10-02,47.21628189086914,47.6754301248754,46.9473259205727,47.54863276313251,25668000
2017-10-03,47.44015884399414,47.45056216799289,47.01171799219373,47.25243798567158,17766000
2017-10-04,47.13753128051758,47.56894618505466,47.08849620990624,47.40103432257437,19048000
2017-10-05,48.0429573059082,48.09001223071806,47.31088893867481,47.32624640851317,24276000
2017-10-06,48.48526382446289,48.51349602183689,47.7160488684375,47.88148176050539,23478000
2017-10-09,48.39164733886719,48.80894799683679,48.34756641650789,48.5402414262236,17828000
2017-10-10,48.17371368408203,48.61800327470856,47.85077227739711,48.540240976217326,19368000
2017-10-11,48.99840927124024,49.07072239868914,48.15638230648549,48.22919424940383,33866000
2017-10-12,48.92807388305664,49.2396257204151,48.78790295330786,48.90925493527272,25248000
2017-10-13,49.01970672607422,49.39267331646416,48.98602534548367,49.13461567042488,23396000
2017-10-16,49.13460540771485,49.22906289827856,48.73836084506323,49.13955955118296,18210000
2017-10-17,49.143531799316406,49.35453073197528,48.9657154303741,49.04991698882213,25804000
2017-10-18,49.17472839355469,49.36839346661311,48.88571778285968,49.12321814728921,21152000
2017-10-19,48.76065826416016,48.980080381763614,48.46049984168116,48.83743049771276,26272000
2017-10-20,48.94639205932617,49.08507785238346,48.76709060131576,49.00781059323789,23664000
2017-10-23,47.96816635131836,49.01178278536069,47.85275859050649,49.01178278536069,29568000
2017-10-24,48.071685791015625,48.1553923174013,47.59916016333093,48.04493870087261,24244000
2017-10-25,48.20987319946289,48.34657886000941,47.57538374449987,47.96419903970365,24226000
2017-10-26,48.17173004150391,48.91667684286051,48.15390116958089,48.54024126070462,40842000
2017-10-27,50.485313415527344,51.92764934314708,49.93700575523029,49.98604081591393,103354000
2017-10-30,50.37833786010742,50.767652004552616,49.90234696841998,50.22429834980371,41702000
2017-10-31,50.35505676269531,50.71960394081901,50.04697398179273,50.28472378444076,26614000
2017-11-01,50.79389572143555,51.00043930588096,50.37040522839632,50.38328373500646,27468000
2017-11-02,50.79785919189453,50.92218137953474,50.17525818064684,50.608653209555925,20980000
2017-11-03,51.13961791992188,51.14803731883111,50.53682599128323,50.62598168179742,21528000
2017-11-06,50.813697814941406,51.25799111683239,50.76912186327685,50.966750985026025,22504000
2017-11-07,51.18172836303711,51.21342959768417,50.775575424828624,50.88156993318663,22246000
2017-11-08,51.50466537475586,51.6865440601923,50.94001386976348,51.04254311333841,21774000
2017-11-09,51.079193115234375,51.21441365954598,50.50493187340688,51.21441365954598,24904000
2017-11-10,50.92118835449219,51.05442497073303,50.78299759440054,50.84144591090735,14400000
2017-11-13,50.806278228759766,51.09504323379525,50.64877347956289,50.69087425717331,17716000
2017-11-14,50.818660736083984,50.8587813668546,50.23172126436018,50.64976259232468,19184000
2017-11-15,50.566551208496094,50.72405595500824,50.29462500757796,50.48234587580583,17080000
2017-11-16,51.14061737060547,51.310014347316354,50.64629880091419,50.64629880091419,22594000
2017-11-17,50.47640609741211,51.23571659450057,50.41003718891298,51.21540875903543,27942000
2017-11-20,50.44123840332031,50.65075600708846,50.397652514101246,50.53435817808503,19070000
2017-11-21,51.23918151855469,51.26989267928346,50.65298644217609,50.68542834138324,21940000
2017-11-22,51.3120002746582,51.49754075465,51.08762398308418,51.26445030704711,14926000
2017-11-24,51.54231262207031,51.66951056959214,51.26444594710812,51.30753680259211,10740000
2017-11-27,52.215919494628906,52.277833061036034,51.434819996560456,51.51208725073078,26158000
2017-11-28,51.87911987304688,52.62035207941254,51.512097508473545,52.25951956115084,28488000
2017-11-29,50.60369873046875,51.714179012079015,50.30601928901621,51.64483611022492,49188000
2017-11-30,50.5913200378418,50.9419986512978,50.27382776888703,50.6388700005905,34480000
2017-12-01,50.03458786010742,50.64480917216044,49.630913921889054,50.31344835454107,38192000
2017-12-04,49.465476989746094,50.32830674060548,49.31143749772461,50.15791970687987,38128000
2017-12-05,49.78593826293945,50.55168409702263,48.95035449817387,49.329760270504615,41346000
2017-12-06,50.44123840332031,50.767648872634965,49.58732681886967,49.60515947113469,25440000
2017-12-07,51.06285095214844,51.22679873457908,50.42593167273033,50.54277540749477,29164000
2017-12-08,51.3659782409668,51.61363253600575,51.14170025008298,51.38777118407424,25816000
2017-12-11,51.56657409667969,51.700305744157504,51.118320457870496,51.28920251441199,23856000
2017-12-12,51.53586959838867,52.0227588185861,51.19955840089472,51.49376881913454,25590000
2017-12-13,51.54231262207031,51.842221650802415,51.43185900329088,51.815228931279286,25654000
2017-12-14,51.96529769897461,52.42840999041193,51.6661293958175,51.75974419439914,31174000
2017-12-15,52.71025085449219,52.88014287108346,51.982641567278186,52.23574507471291,65518000
2017-12-18,53.3516731262207,53.418540850487325,52.60177587803528,52.80386416050661,31092000
2017-12-19,53.03170394897461,53.336812730042254,52.67855017109628,53.25558139046051,26774000
2017-12-20,52.74789047241211,53.1654329901551,52.57799847461416,53.08618557955363,25372000
2017-12-21,52.6825065612793,52.96483230383493,52.591567221763015,52.74788916889662,19914000
2017-12-22,52.50865173339844,52.71073620561364,52.47497035821184,52.55768679728505,15102000
2017-12-26,52.34124374389648,52.50865678406738,52.017308467170174,52.407117612260414,15212000
2017-12-27,51.976200103759766,52.42197862783463,51.9108212689781,52.37343859357242,25438000
2017-12-28,51.91527938842773,52.24267615046301,51.7483576015372,52.08665650418597,16742000
2017-12-29,51.82909393310547,51.99254668539517,51.75479688398244,51.84494266023136,17750000
2018-01-02,52.7503662109375,52.84645620082885,51.77114240290868,51.92518189708602,24752000
2018-01-03,53.61616134643555,53.80487227460277,52.66170078748716,52.716185031195664,28604000
2018-01-04,53.810325622558594,54.16546330712459,53.69155086901159,53.88957681187448,20092000
2018-01-05,54.59440231323242,54.69445637857414,54.087700290364495,54.18676428261939,25582000
2018-01-08,54.82768630981445,55.04215425296068,54.5641833025271,54.594395643603576,20952000
2018-01-09,54.79401016235352,55.00748805290183,54.544919872872136,54.94953854763456,18050000
2018-01-10,54.61321640014648,54.711781561362514,54.29126508932633,54.34030015170179,20856000
2018-01-11,54.757354736328125,54.80713046701054,54.46363560157097,54.795986477503824,19566000
2018-01-12,55.58650207519531,55.68705117238317,54.54090558736464,54.60331419906253,34410000
2018-01-16,55.56174087524414,56.460723448925286,55.36718395809173,56.09419612901922,31506000
2018-01-17,56.06795120239258,56.0986623661615,55.32647328939662,55.78265518528147,24052000
2018-01-18,55.95947265625,56.09419817754024,55.35074018547467,56.03971392515713,23964000
2018-01-19,56.34185409545898,56.35919171212079,55.88567600684453,56.06051838864671,35564000
2018-01-22,57.24826431274414,57.44985376549974,56.22297565507164,56.34085858872573,32360000
2018-01-23,57.94961929321289,58.03168954346605,57.39388224500492,57.44836649162754,26662000
2018-01-24,57.665809631347656,58.4394799031035,57.50780606866312,58.314167644847934,28332000
2018-01-25,57.96943283081055,58.24531932297353,57.59250220707188,58.07641740050423,29610000
2018-01-26,58.24037170410156,58.24037170410156,57.36218817398258,58.20273003061372,40376000
2018-01-29,58.227481842041016,58.787677958376186,58.04917046177084,58.27206157656073,27578000
2018-01-30,57.63856887817383,58.27404839962031,57.6301456994309,57.84362358796629,31126000
2018-01-31,57.94813919067383,58.09970350974413,57.412709929560044,57.97934160870922,30774000
2018-02-01,57.83718490600586,58.14923174977081,57.33296185802096,57.58507527146581,48242000
2018-02-02,55.073368072509766,55.62662621291312,54.84443445142665,55.57362707066476,97158000
2018-02-05,52.29468536376953,54.97925719557104,52.10795455691625,54.01835725695744,75966000
2018-02-06,53.523048400878906,53.57802768806669,50.67685659767538,50.87711210430417,68960000
2018-02-07,51.93706512451172,53.58148937018824,51.92121262068987,53.56960093704795,47384000
2018-02-08,49.60615158081055,52.434363487735,49.56355576292883,52.27536983607111,57182000
2018-02-09,51.402137756347656,51.708735423722544,49.162350611199685,50.385268467127645,70118000
2018-02-12,52.10349655151367,52.577012240342775,51.55806074305809,51.90834634040867,41154000
2018-02-13,52.11141586303711,52.42197380219819,51.7145250690164,51.75974722055738,25302000
2018-02-14,52.9831657409668,53.083216030362976,51.84643332091602,51.9553980472621,31116000
2018-02-15,53.9648666381836,54.06189757897033,52.71767686923648,53.44726625688904,36868000
2018-02-16,54.22639083862305,54.715260217860255,53.905081885030185,53.90988865216263,33590000
2018-02-20,54.60579299926758,55.1748998295764,53.91533042265868,54.01686959258716,28462000
2018-02-21,55.04562377929688,56.16650731161021,54.797474458571024,54.804408748298464,30258000
2018-02-22,54.81233978271485,55.61424230626829,54.61223542923719,55.28585546667075,26344000
2018-02-23,55.81087875366211,55.83514688005741,54.71743376563472,55.11001662377157,25220000
2018-02-26,56.65092468261719,56.66132800797601,55.80617693082374,55.86090681138016,31182000
2018-02-27,55.389869689941406,56.66528789433528,55.37550607228592,56.52660208324448,35482000
2018-02-28,54.71823120117188,55.847534296285126,54.64442918591455,55.62464691974095,37652000
2018-03-01,52.974246978759766,54.98519868051381,52.84947888179346,54.873755001571645,50318000
2018-03-02,53.43983459472656,53.5923398525923,51.91403757183888,52.15995735443246,45432000
2018-03-05,54.034698486328125,54.340302268994336,52.94848640915142,53.25260508236445,24044000
2018-03-06,54.23926162719727,54.57557658802455,53.97749311946151,54.44531018507574,30656000
2018-03-07,54.961421966552734,55.08921318765007,53.76485823760216,53.94851678615914,25850000
2018-03-08,55.77174758911133,55.85099877896413,55.11794038844462,55.24275761144853,27102000
2018-03-09,57.45777893066406,57.49542438030189,56.09176908611201,56.26705736425895,42560000
2018-03-12,57.67868041992188,58.3002950825084,57.32800186802172,57.64648793311019,43446000
2018-03-13,56.374542236328125,58.285938787802586,56.1348122882867,57.95110891901193,38144000
2018-03-14,56.93523406982422,57.38596676549383,56.53651044631079,56.72324504636875,25828000
2018-03-15,56.9396858215332,57.50929146423341,56.194742779486816,56.95850854586225,27908000
2018-03-16,56.25368118286133,57.25172768333461,56.06695038972821,57.16554598445993,61840000
2018-03-19,54.47503662109375,55.57313353120201,53.93960733992972,55.47506338669701,56118000
2018-03-20,54.37052536010742,54.74150801641857,53.66470905219393,54.4344190849262,36638000
2018-03-21,54.0322265625,54.79599237930547,53.74841568489511,54.12435626525894,37578000
2018-03-22,51.96183395385742,53.63696953808592,51.80482423916057,53.58644936008447,53340000
2018-03-23,50.5992431640625,52.66913837653015,50.58190932683824,51.860301550831245,43134000
2018-03-26,52.16639709472656,52.2862639536266,49.94691784803055,51.80927925845194,53302000
2018-03-27,49.783470153808594,52.7423942223658,49.37830731208798,52.65130749976738,61906000
2018-03-28,49.756717681884766,50.73098726809767,48.57194044465612,49.43179614098637,67386000
2018-03-29,51.10544204711914,51.66068402807071,49.67449565558437,50.1069005701868,54536000
2018-04-02,49.85132598876953,51.25453533629791,49.05387884441557,50.66115282493826,53608000
2018-04-03,50.195068359375,50.57051008532365,49.237138726578216,50.21983152096351,45502000
2018-04-04,50.77606964111328,50.95329272830602,49.18414922177242,49.20445705730003,49694000
2018-04-05,50.90830993652344,51.65028272845733,50.52796319399674,51.57796961107044,27260000
2018-04-06,49.87955856323242,51.08711890768223,49.6809393304157,50.521477331484775,34928000
2018-04-09,50.29611587524414,51.49228671651096,50.22825807637377,50.36298360097846,35032000
2018-04-10,51.09801864624024,51.32784030163989,50.09254276314641,50.840456050440885,39490000
2018-04-11,50.51998901367188,51.08434194751603,50.3169106861655,50.91722745407884,29678000
2018-04-12,51.14111328125,51.54627615100333,50.59255985689442,50.77111690250019,27140000
2018-04-13,50.98062896728516,51.83008139787351,50.66907716896915,51.55568001170191,24460000
2018-04-16,51.41204071044922,51.67257351962822,50.85531734685721,51.363500678917774,24224000
2018-04-17,53.20406723022461,53.38832284037364,51.92121602805553,52.075259295803335,46406000
2018-04-18,53.10104370117188,53.36603183325739,52.81103922017935,53.36603183325739,26882000
2018-04-19,53.87472152709961,54.19493839583827,52.90788107416793,52.96830954720246,34954000
2018-04-20,53.14462661743164,54.10503140640941,52.97671855567004,53.59238522770037,37794000
2018-04-23,52.87172317504883,53.62805969479398,52.53738832492401,53.38733966079754,46826000
2018-04-24,50.520484924316406,52.35411522584767,50.05538868786351,52.10646093664516,95206000
2018-04-25,50.57991790771485,51.14011403828325,50.289172779177214,50.79488466556185,47822000
2018-04-26,51.51408004760742,51.90735448315183,50.43183185027643,50.99251934078801,41590000
2018-04-27,51.01926040649414,51.982635471459695,50.79835319662591,51.80927821919816,32396000
2018-04-30,50.38923263549805,51.36350233204555,50.36545576603712,51.017282846486026,33426000
2018-05-01,51.37885665893555,51.43631112511054,49.937506850433394,50.20744912462076,28558000
2018-05-02,50.73842239379883,51.53136128179499,50.66363031404388,50.92267422406822,32062000
2018-05-03,50.70574188232422,51.000696785498015,49.84241693358192,50.47195612085765,36302000
2018-05-04,51.91873550415039,51.933594155570034,50.36792611414486,50.36792611414486,38774000
2018-05-07,52.24465560913086,52.585924726533946,51.86376467445627,51.96926413984355,29322000
2018-05-08,52.20106887817383,52.52995451910061,51.865993391215255,52.43039549373228,24354000
2018-05-09,53.63003540039063,53.7627769889691,52.322666604519824,52.40860267836226,40656000
2018-05-10,54.36359405517578,54.50574513031816,53.772690435298095,53.79200441953535,28860000
2018-05-11,54.397762298583984,54.549825429654575,54.03371394227315,54.16695056939261,25074000
2018-05-14,54.49385070800781,55.01640143406962,54.43986527492215,54.48394619868977,30362000
2018-05-15,53.4551887512207,53.99111302357278,53.16989277893354,53.98863784095826,29898000
2018-05-16,53.58100509643555,53.95248658600151,53.30808878928688,53.36009786054437,21946000
2018-05-17,53.42349243164063,53.83360563668647,53.171379016657816,53.48788119112698,20876000
2018-05-18,52.81772994995117,52.99505127957123,52.536394265250735,52.59483880714622,31304000
2018-05-21,53.47252655029297,53.88957781720298,53.178807398295945,53.19911523251914,20464000
2018-05-22,52.984649658203125,53.81973852378721,52.83407541203451,53.66966309307044,21800000
2018-05-23,53.47797393798828,53.53196314859848,52.58740703898334,52.75680399733872,21214000
2018-05-24,53.455692291259766,53.5166120201992,52.807330429523226,53.44380385584984,15336000
2018-05-25,53.27836608886719,53.62012645503437,53.18500068935048,53.44478905380491,17988000
2018-05-29,52.51856231689453,53.16494021554879,52.26595764213208,52.74491871844841,37302000
2018-05-30,52.88905334472656,52.95889128510039,52.34569973320173,52.6527924351377,22770000
2018-05-31,53.74048614501953,54.34476322007243,52.87716138147106,52.87716138147106,61766000
2018-06-01,55.44979476928711,55.47456171018386,54.40964749300209,54.45174826940287,48432000
2018-06-04,56.43001556396485,56.55879686182673,55.57387444242392,55.58997257701976,37792000
2018-06-05,56.44833755493164,56.749383978202935,56.12787134167489,56.51421141736138,33560000
2018-06-06,56.310646057128906,56.61377467948521,55.75902043819427,56.57266397485503,33964000
2018-06-07,55.6657600402832,56.25814877644386,55.30220290819884,56.03526139023912,30400000
2018-06-08,55.51766204833984,55.80494198466199,55.08575207067628,55.38442540638296,25816000
2018-06-11,55.96937561035156,56.329463655189485,55.40521915680604,55.40521915680604,21586000
2018-06-12,56.43149566650391,56.45477371822027,56.00627443770789,56.0228676073648,18240000
2018-06-13,56.20712661743164,56.78713562756563,56.13728867445126,56.52065858491928,30128000
2018-06-14,57.06549453735352,57.23142246811766,56.49688273243698,56.65587637289726,26868000
2018-06-15,57.07242965698242,57.129887905267054,56.63779891535424,56.90402654112868,42450000
2018-06-18,58.12248611450195,58.16458689406616,56.64299949671703,56.6459697159736,28274000
2018-06-19,57.855018615722656,58.01401225969473,57.15911060841834,57.3815029395825,32420000
2018-06-20,57.94318008422852,58.75776454082664,57.909498707441166,58.21411242913441,32970000
2018-06-21,57.33988952636719,58.31242835649719,57.07103559565368,58.19132580796915,24762000
2018-06-22,57.2319221496582,57.57948316773438,56.824779134800245,57.41320756423372,26220000
2018-06-25,55.71281051635742,56.65884801959375,55.11695279283646,56.64349432901368,43146000
2018-06-26,55.398284912109375,56.128864326874194,55.30908008895666,55.87081048617891,31264000
2018-06-27,54.68108749389648,56.0608186993306,54.66325484009947,55.54094336963854,25878000
2018-06-28,55.188270568847656,55.58897804758677,54.28631407739735,54.587462537342624,21448000
2018-06-29,55.25910186767578,55.88205049533429,55.22690560134932,55.47455988655717,26302000
2018-07-02,55.84406661987305,55.87081370852383,54.17685536037165,54.43441795831742,24346000
2018-07-03,54.62709045410156,56.258141297486176,54.484935617378426,56.258141297486176,13580000
2018-07-05,55.686065673828125,55.84604939782976,54.90397214891908,55.00551132748871,21334000
2018-07-06,56.47359848022461,56.51124392820672,55.51106612262376,55.651883224973226,19922000
2018-07-09,57.16109085083008,57.1918020108514,56.63457981174922,56.88520434170293,18180000
2018-07-10,57.10115432739258,57.43548914031224,56.94018054570811,57.30621281110839,15968000
2018-07-11,57.153656005859375,57.66828233938365,56.5147074924416,56.69252384475895,22400000
2018-07-12,58.6187858581543,58.664850709788006,57.2544575641321,57.45035221908205,25038000
2018-07-13,58.883277893066406,59.21003222138858,58.44641384070005,58.69406813663522,24438000
2018-07-16,58.637603759765625,58.99125255266801,58.41075233393111,58.91151010646588,21114000
2018-07-17,59.37759780883789,59.5876104537403,57.98082760916604,58.06106887775547,32208000
2018-07-18,59.23296356201172,59.659919333181065,58.95856217449056,59.26664493980355,27872000
2018-07-19,58.79115295410156,59.43703583339514,58.61086139808583,58.99125730886369,25534000
2018-07-20,58.68961334228516,59.281507001912814,58.6554369260095,58.791152518017896,24948000
2018-07-23,59.7094612121582,59.75849628640408,58.49595271282452,58.496447749409455,52384000
2018-07-24,61.818477630615234,62.70607058769008,61.19835178202852,62.53717243408693,66364000
2018-07-25,62.5921516418457,62.699136217762415,61.37517800027446,61.37517800027446,42556000
2018-07-26,62.82147979736328,62.8928519754809,61.86503895013658,61.96310909184827,48112000
2018-07-27,61.34396743774414,63.096865243930765,60.972485999349765,62.95372033745311,42612000
2018-07-30,60.414772033691406,61.16645288357457,60.00515386812352,60.824393978164096,36998000
2018-07-31,60.291934967041016,60.8034890899153,59.7144049451096,60.428145590874806,32894000
2018-08-01,60.42814254760742,61.09482823711778,59.94274224936056,60.82389589158951,31344000
2018-08-02,60.73226547241211,60.91701613210578,59.674285472525895,59.729264759657895,30626000
2018-08-03,60.61140441894531,60.92295241246998,60.18295979702207,60.90412968970366,21792000
2018-08-06,60.663909912109375,60.729194269918665,60.21946914999384,60.67530330981689,21634000
2018-08-07,61.528228759765625,61.97152832135455,61.22856537558846,61.269676082614566,29880000
2018-08-08,61.696136474609375,62.23552980712029,61.319602608051625,61.44154787028121,27406000
2018-08-09,61.86899948120117,62.18807508276311,61.71594628097306,61.90862129751622,16972000
2018-08-10,61.29988479614258,61.700342863823984,61.02201439044344,61.56685684126352,22174000
2018-08-13,61.17110824584961,61.87756693902614,61.10329957825028,61.26868334650065,19946000
2018-08-14,61.52228546142578,61.709016273755815,60.68075732509626,61.18002625546101,26962000
2018-08-15,60.14928436279297,61.18249732260677,59.908065550200455,60.88630300697358,36576000
2018-08-16,59.758487701416016,60.7248329865436,59.56333372673328,60.66192933914572,26864000
2018-08-17,59.48458099365234,59.883799597854406,58.85454689264344,59.53758013154881,27792000
2018-08-20,59.82188034057617,59.98186403318357,59.1708469282062,59.68566973494424,17416000
2018-08-21,59.517276763916016,60.29193716231004,59.45456961523531,59.8332839111545,24112000
2018-08-22,59.80009460449219,60.02347700151943,59.38750244617464,59.43703255085273,17748000
2018-08-23,59.70351028442383,60.49104916116992,59.64704588884438,59.79068206043954,19852000
2018-08-24,60.45984649658203,60.50937660164352,59.75200094614388,59.87389707790313,18932000
2018-08-27,61.50841522216797,61.57131887332485,60.71077153125775,60.8040878091424,23126000
2018-08-28,60.979923248291016,61.544329176866086,60.85808001124792,61.482166188020166,26080000
2018-08-29,61.878902435302734,61.94626518970235,61.23792462753526,61.291962964117474,25978000
2018-08-30,61.37467956542969,62.09361995699968,61.05124311508527,61.62777926322988,26628000
2018-08-31,60.33799743652344,61.35189267235327,59.99598767029268,61.16962098499484,36328000
2018-09-04,59.28843307495117,60.08043475698819,59.06554573468394,59.648524876756206,36620000
2018-09-05,58.76737594604492,59.38799680426349,57.55485768435391,59.129939180114334,41226000
2018-09-06,58.02243041992188,58.75845904462224,57.05955036114499,58.75845904462224,37770000
2018-09-07,57.69503021240234,58.21163669894168,57.31785018903528,57.38991767817119,28026000
2018-09-10,57.68561553955078,58.17597374283324,57.46124308598274,58.059575927004985,22308000
2018-09-11,58.31565475463867,58.38103358683444,57.26956320826792,57.53653527560312,24186000
2018-09-12,57.59546661376953,58.37755997899943,57.3745594277285,58.08582479015353,25910000
2018-09-13,58.2150993347168,58.37756199286289,57.5969574889882,57.98775288795029,28624000
2018-09-14,58.076419830322266,58.4674684582136,57.86839112034934,58.40184021832078,18880000
2018-09-17,57.26015090942383,58.30970765971263,57.16009685158794,57.95803901612516,26130000
2018-09-18,57.51622772216797,58.25225635320013,57.31166426684478,57.31166426684478,24072000
2018-09-19,58.00509643554688,58.11010086296929,57.187341438814215,57.70246284537435,23828000
2018-09-20,58.78668594360352,58.93627009774212,58.11752509966266,58.44591567612785,24508000
2018-09-21,57.7574462890625,59.05119222638155,57.75496732734127,59.04078890074352,88112000
2018-09-24,58.11802673339844,58.347357134385575,56.80744205548135,57.31562918492835,25420000
2018-09-25,58.67673110961914,58.78718849399832,57.85204562133294,58.255719558094384,19554000
2018-09-26,58.47068405151367,59.1512345302052,58.18711883278917,58.70149576268352,29246000
2018-09-27,59.17154312133789,59.54104441322748,58.62620939836197,58.77975385011138,25216000
2018-09-28,59.11359786987305,59.20968786297766,58.66930446617257,59.03434667688146,27612000
2018-10-01,59.20473098754883,59.92738604865036,58.95658165271635,59.4315824155009,27152000
2018-10-02,59.44247817993164,59.93035742861567,58.77480243245485,58.98927038034119,33758000
2018-10-03,59.5831413269043,59.75451841835647,59.13142243689264,59.684680486951926,25124000
2018-10-04,57.861454010009766,59.313698395702325,57.236672592055456,59.20571997482927,44190000
2018-10-05,57.32454299926758,58.12446535635185,56.71878077326257,57.82728094240738,23686000
2018-10-08,56.90947723388672,57.8520494963267,55.839310245706905,56.96594163169524,38648000
2018-10-09,56.40673828125,57.17594948648833,56.3449229551189,56.769796568207134,26174000
2018-10-10,53.55376052856445,56.0773586039563,53.54930142071829,56.02336938887313,53514000
2018-10-11,53.45964813232422,54.80094392963501,52.91233423824063,53.14364099947664,58980000
2018-10-12,54.98322296142578,55.22691320938546,53.81042845206685,54.88019867389303,42026000
2018-10-15,54.10008239746094,55.149937733497794,53.93910861010042,54.9252667265554,27448000
2018-10-16,55.53796005249024,55.68358014123058,54.60777134861839,54.7112906612161,38570000
2018-10-17,55.26109313964844,55.9198545778704,54.592427190742015,55.79454230056879,29344000
2018-10-18,53.88809585571289,55.5657068329672,53.34920129309685,55.5657068329672,41890000
2018-10-19,54.3086051940918,54.99708380260592,53.87719034222063,54.15555200455319,25352000
2018-10-22,54.54140090942383,55.08970865262306,54.0381679421392,54.635510753436,30284000
2018-10-23,54.66671371459961,54.87474240904051,52.99801749391654,53.53740698998214,36974000
2018-10-24,52.042572021484375,54.78707728911066,51.94499691785159,54.694456329812446,39648000
2018-10-25,54.26451873779297,55.0277893992096,52.97572718307284,53.08667581522418,50916000
2018-10-26,53.07082748413086,54.80737765102115,51.21936083465342,51.36498469433703,83752000
2018-10-29,50.52544403076172,54.33733880133056,49.32431909859423,53.61567376893827,77614000
2018-10-30,51.32437515258789,51.38777383915011,49.5680082015382,49.94989298832476,64254000
2018-10-31,53.333343505859375,54.084725783272326,52.35411595377616,52.49330056844188,50596000
2018-11-01,52.998023986816406,53.69021735130647,52.62456236405638,53.28530390228028,29640000
2018-11-02,52.39324951171875,53.6406848900756,52.235740979569,53.18277231859752,36780000
2018-11-05,51.51655578613281,52.42693176348642,50.58289797574415,52.2550596112221,48828000
2018-11-06,52.29518127441406,52.71792737292544,51.41650273398264,51.4863406766535,24666000
2018-11-07,54.156551361083984,54.259080615205015,52.79494759957992,52.9484958519277,41168000
2018-11-08,53.61220550537109,54.15060877199703,53.10723799005139,54.056993958806565,29764000
2018-11-09,52.80733108520508,53.27341746576186,52.16144817718732,53.19565515587531,26864000
2018-11-12,51.44424057006836,52.607720077378936,51.06631983731127,52.57156351419379,29436000
2018-11-13,51.31645202636719,52.33455703608497,51.07374807802619,51.6750549890578,30274000
2018-11-14,51.6933822631836,52.23346717051447,51.06632207421372,52.00740928369979,31318000
2018-11-15,52.73600006103516,53.08964884474052,51.10494927273672,51.74538290277626,36722000
2018-11-16,52.57652282714844,52.84943537417237,51.95689193199388,52.47349852959217,33162000
2018-11-19,50.521480560302734,52.54184565310025,50.33623485950047,52.36402927947975,37172000
2018-11-20,50.80677032470703,51.10296841820559,49.333723114499534,49.530857226202976,48982000
2018-11-21,51.39371490478516,51.936078410307694,51.18865642492343,51.351614128503655,30686000
2018-11-23,50.713653564453125,51.392722694982645,50.64029747117634,51.01678216420024,13830000
2018-11-26,51.93905258178711,51.97322899769816,51.210453264829965,51.43037041436104,38856000
2018-11-27,51.73052597045898,52.38284805595432,51.43730186099431,51.56162404640933,36064000
2018-11-28,53.80190658569336,53.83211892895357,51.30208175444396,51.94598444581114,49508000
2018-11-29,53.904441833496094,54.198901680122326,53.29521052509496,53.29917459659095,29378000
2018-11-30,54.20805740356445,54.26452179576565,53.38832230693397,53.94257046245248,51604000
2018-12-03,54.802433013916016,55.70488466523816,54.665481716057165,55.63009635542539,39824000
2018-12-04,52.04801940917969,54.70287384529929,52.00641366757461,54.63848130788326,46904000
2018-12-06,52.93511581420898,53.05745785294733,51.05492557383135,51.22778778912237,55384000
2018-12-07,51.34269714355469,53.258552701937965,50.94248846213655,52.50320633548786,42024000
2018-12-10,51.48981094360352,51.93063533402002,50.68443936132828,51.26691978667846,36154000
2018-12-11,52.09408187866211,52.532427255068605,51.50416841744131,52.32885766398067,27894000
2018-12-12,52.68497848510742,53.575050285929976,52.640897565521136,52.89895516668941,30476000
2018-12-13,52.596824645996094,53.481443622351065,52.2020613399527,52.90242846854944,26596000
2018-12-14,51.61610794067383,52.63149206626498,51.55122414758121,52.00641210896568,33732000
2018-12-17,50.349609375,52.16343089352584,49.9221585304586,51.38876669533414,47708000
2018-12-18,50.95288848876953,51.98164232275907,50.5927966829802,50.823117130782215,43850000
2018-12-19,50.67057037353516,52.601776008076776,49.92958756045176,51.21441904813647,49586000
2018-12-20,49.99694442749024,51.22580262906699,49.35056657792736,50.42885432650039,53470000
2018-12-21,48.51746368408203,50.72059554660785,48.22770858325513,50.288685596440125,91920000
2018-12-24,48.35301971435547,49.706200226136055,48.05038611231924,48.23810699406678,31806000
2018-12-26,51.485347747802734,51.51209483566628,48.68883730335032,48.98651674660587,47466000
2018-12-27,51.70427322387695,51.70476826038475,49.38226480552533,50.3803113099224,42196000
2018-12-28,51.367462158203125,52.28279219980272,51.1703280439846,51.98857802741957,28296000
2018-12-31,51.29466247558594,52.14114485715529,50.69930347766856,52.05496313916139,29866000
2019-01-02,51.80185317993164,52.12231943906048,50.30899298306465,50.35158880015937,30652000
2019-01-03,50.32633590698242,52.35313669876816,50.22776693871765,51.56163362753821,36822000
2019-01-04,53.03318786621094,53.03962712000398,50.88889745860548,51.14507319445277,41878000
2019-01-07,52.91827392578125,53.19614434770419,52.24316881852243,53.072317197816105,39638000
2019-01-08,53.3090705871582,53.719187539075335,52.52896109172967,53.30065118784309,35298000
2019-01-09,53.22883605957031,53.623595565333495,52.81970915794911,53.57505553382476,23986000
2019-01-10,53.01435852050781,53.05497418431309,52.389282396451456,52.88211198435883,29128000
2019-01-11,52.363529205322266,52.68969024128147,51.93211433920732,52.660218564213125,30416000
2019-01-14,51.74439239501953,52.0831825231292,51.57425477622394,51.8548459956187,22886000
2019-01-15,53.3521614074707,53.495801347864834,51.875648931858414,52.01581983788666,29272000
2019-01-16,53.5413703918457,54.10627126534289,53.46063409754604,53.49332540023672,26636000
2019-01-17,53.983680725097656,54.0777905639352,53.17137496149174,53.46707424229154,24854000
2019-01-18,54.397762298583984,54.89762827402524,54.033215126833255,54.48394778144499,39112000
2019-01-22,53.023773193359375,54.06342538221397,52.67457974990453,53.88957310466074,32270000
2019-01-23,53.27390670776367,53.737514076125,52.49032813963336,53.36207233389963,19340000
2019-01-24,53.19118881225586,53.46732470968892,52.53738162910503,53.31898002985324,27226000
2019-01-25,54.03767395019531,54.18676308236625,53.58347604222835,53.7409845743556,22382000
2019-01-28,53.00198745727539,53.64192611625165,52.69093067511488,53.498781196696775,25686000
2019-01-29,52.53342819213867,53.253113165243256,52.29791169281198,53.13077110334572,20436000
2019-01-30,53.942081451416016,54.038171447753314,52.842000637992,52.9202617605398,25596000
2019-01-31,55.29476547241211,55.34231542950684,54.25659833716889,54.63253888645068,30766000
2019-02-01,55.016395568847656,55.7222117627374,54.72614548468205,55.09812193290152,29244000
2019-02-04,56.10855865478516,56.10855865478516,54.93071559815715,55.11100714592342,51530000
2019-02-05,56.76186752319336,56.80446333555931,55.33825213948272,55.714290933710494,71044000
2019-02-06,55.23830032348633,56.81189287793988,55.11645332391667,56.44388047562965,42112000
2019-02-07,54.42005157470703,54.723675228646975,53.79051250814802,54.68999385127673,40896000
2019-02-08,54.23926162719727,54.42995649526427,53.8177550387279,53.84004301867081,21516000
2019-02-11,54.23678970336914,54.77840881039079,54.13030016241824,54.33287969795039,21304000
2019-02-12,55.542423248291016,55.73683278862516,54.773703302465634,54.820758226001786,32182000
2019-02-13,55.48249435424805,56.2041594355545,55.40027293519674,55.72172928380499,20996000
2019-02-14,55.55728149414063,55.88220306984629,55.00129878139016,55.37798001682438,18952000
2019-02-15,55.160037994384766,56.05258500742312,55.01144769031146,55.97383263752186,28996000
2019-02-19,55.40324020385742,55.56817805850481,54.979254651225446,54.979254651225446,20928000
2019-02-20,55.16747283935547,55.64346747742933,54.74547119426197,55.47407050820127,21756000
2019-02-21,54.333866119384766,55.075343900555296,54.11345394629742,55.02085965292429,28302000
2019-02-22,54.9975814819336,55.04067233187126,54.26600821149315,54.52852116102132,20990000
2019-02-25,54.94953918457031,55.40224820719719,54.84403593994623,55.27644090679156,28262000
2019-02-26,55.23334884643555,55.45029199046371,54.47998261228066,54.76874762039632,29426000
2019-02-27,55.27891540527344,55.37450657474715,54.53347357830227,54.82818278627649,19368000
2019-02-28,55.47060394287109,55.8534788238415,55.02928451636542,55.04364813446833,30850000
2019-03-01,56.51422119140625,56.61229133673909,55.70983967145812,55.71726899889818,29006000
2019-03-04,56.85152053833008,57.3706060071734,56.00404824875872,56.81139990684942,28920000
2019-03-05,57.55635070800781,57.93179247632328,56.77202764114275,56.96346318890316,28864000
2019-03-06,57.34980392456055,57.83054863265413,57.23241602652553,57.57913053994019,21986000
2019-03-07,56.62863540649414,57.29507173354119,56.21306923738623,57.24380711000642,23332000
2019-03-08,56.58009719848633,56.81586308124507,55.63801996165556,55.80790819360274,24248000
2019-03-11,58.23640441894531,58.25770610569781,56.685594764942586,56.685594764942586,34384000
2019-03-12,59.100223541259766,59.43703354919473,58.36023084108541,58.36023084108541,40262000
2019-03-13,59.10616683959961,59.483097474176006,59.03781401023083,59.46897948597821,28718000
2019-03-14,58.7213134765625,59.33202985026275,58.66831433577378,59.16510806438616,23456000
2019-03-15,58.66732406616211,59.26714207621056,58.575693181203846,59.10913850635429,49236000
2019-03-18,58.65741729736328,58.94172319328544,58.31867627908106,58.609867339386426,25852000
2019-03-19,59.38007354736328,59.43703297920835,58.737160918247305,58.88278101419037,30414000
2019-03-20,60.624290466308594,60.78130018433726,59.24732933451232,59.30577765598213,44548000
2019-03-21,60.99922943115234,61.01161290080441,60.08835854058068,60.22951951368195,24080000
2019-03-22,59.7094612121582,60.922965932586656,59.57696523703422,60.74069421779201,34284000
2019-03-25,59.0903205871582,59.753934080526186,58.79511631354956,59.28497575859991,29936000
2019-03-26,58.67524719238281,59.57720374230155,58.28395293946707,59.36422089018044,38024000
2019-03-27,58.10068893432617,58.82081589535083,57.4245899911584,58.71883459607147,28004000
2019-03-28,57.87631607055664,58.02862483060153,57.42761646628398,58.0273853498102,19234000
2019-03-29,58.11505126953125,58.39638693420888,57.59844478661342,58.19380364030697,25398000
2019-04-01,59.16114807128906,59.27160168226575,58.54547755019173,58.64949568614384,25050000
2019-04-02,59.461307525634766,59.50390334227871,58.72923916337885,59.20523003141217,16558000
2019-04-03,59.730255126953125,60.24438266399988,59.46179796087443,59.80752239057288,20286000
2019-04-04,60.17999267578125,60.21317901584194,59.64159324511104,59.73124397747265,19000000
2019-04-05,59.79117584228516,60.24042337265664,59.68617141670343,60.17949987068706,18144000
2019-04-08,59.627227783203125,59.86745274020148,59.430093673847566,59.827827147955375,17204000
2019-04-09,59.30082702636719,59.55046149621503,59.094283411192,59.23891344547123,17528000
2019-04-10,59.54402160644531,59.62450849986199,59.26045636887106,59.470714632155904,14492000
2019-04-11,59.66586685180664,59.831299751903096,59.44347451767588,59.63317932414813,14204000
2019-04-12,60.3221549987793,60.34592809047206,59.83873101197587,59.932345826870936,18668000
2019-04-15,60.48213195800781,60.6356764109749,59.88825820072185,60.32858750504072,23748000
2019-04-16,60.78080749511719,60.96357801463504,60.43359792426534,60.67530802516103,17126000
2019-04-17,61.23698425292969,61.44600302922245,60.81497885041816,61.071551363347965,24438000
2019-04-18,61.23847198486328,61.51732871069986,61.15129642880344,61.37765282951368,26636000
2019-04-22,61.85612106323242,61.868500755214846,60.839251803390326,61.21964769289791,16146000
2019-04-23,62.634254455566406,62.85466664737126,61.73427799910782,61.94775590024176,26398000
2019-04-24,62.21075820922852,62.80562582166355,62.16122810596087,62.61295081019584,20376000
2019-04-25,62.57976531982422,62.7758073380001,62.01412374827871,62.645144150088704,22146000
2019-04-26,63.01217269897461,63.05625362403335,62.42473438245249,62.85466416598077,24828000
2019-04-29,63.77494812011719,63.8586584248875,62.72068651454436,63.10232191491716,49988000
2019-04-30,58.86643981933594,59.08090779093926,58.19876399802409,58.694072627794505,124140000
2019-05-01,57.85600280761719,58.84513483863173,57.81142685016966,58.84513483863173,52784000
2019-05-02,57.58507537841797,58.15864133077041,57.20824298985428,57.840159011518914,38896000
2019-05-03,58.71388626098633,58.7832291678274,57.90158039892949,58.13189710117198,39614000
2019-05-06,58.91151428222656,58.9838274069866,57.76586367428864,57.76586367428864,31278000
2019-05-07,58.1541862487793,58.96351807623187,57.50730954019056,58.46969457127707,31028000
2019-05-08,57.76635360717773,58.46741220913747,57.74010155694129,58.050659494544746,26186000
2019-05-09,57.57368469238281,57.93427158611442,57.00259389578581,57.40775675286362,23714000
2019-05-10,57.66730117797852,58.07989337424407,56.5890132792104,57.63361979676244,26290000
2019-05-13,56.07041931152344,56.85845318588658,55.57907101756706,56.56225886308006,37212000
2019-05-14,55.49635696411133,56.4859841057062,55.45227603985268,56.32699046599265,36732000
2019-05-15,57.66432571411133,58.01698824532665,55.30943303642511,55.36906793639841,45786000
2019-05-16,58.39589309692383,58.85058601706836,57.59646204451953,57.679178487864526,30628000
2019-05-17,57.56972503662109,58.45384899624346,57.45629742297268,57.87532886602412,24172000
2019-05-20,56.40822219848633,56.801844259843776,56.04134722534915,56.68806899393025,27066000
2019-05-21,56.942161560058594,57.09461769291244,56.36314643899311,56.88569716542489,23196000
2019-05-22,57.03082275390625,57.38249141124234,56.75691639904555,56.799515992582585,18290000
2019-05-23,56.50332260131836,56.76102879571074,55.93143825862133,56.489949057093554,23978000
2019-05-24,56.14175033569336,56.94885645635946,56.05209958981271,56.8297340291804,22240000
2019-05-28,56.17543029785156,57.03909904904343,56.12441130065252,56.168000970505936,27300000
2019-05-29,55.299224853515625,55.9252948829721,54.89108803467502,55.84703376747464,30764000
2019-05-30,55.373023986816406,55.629596501764944,55.08425898254821,55.253655944484095,19038000
2019-05-31,54.66374206542969,54.95944135769882,54.49285999518803,54.54783927957427,30156000
2019-06-03,51.32536315917969,52.775132386272176,50.76913106201601,52.775132386272176,102612000
2019-06-04,52.15846633911133,52.30706041376489,51.19955047995578,51.6557284696296,56670000
2019-06-05,51.62205123901367,52.18323746625529,51.04105599387231,52.08367844573135,43368000
2019-06-06,51.72705841064453,51.883081831956815,51.20005234747336,51.75925467952606,34064000
2019-06-07,52.8018798828125,53.04359376167272,51.92815548088093,52.03861287377513,36048000
2019-06-10,53.51215744018555,54.12039489620167,53.11303703691067,53.14562631485423,29284000
2019-06-11,53.429931640625,54.58251273000178,53.37460469497981,54.18577306950064,28734000
2019-06-12,53.346229553222656,53.5393996264785,52.87617909991564,53.39427455324955,21220000
2019-06-13,53.9277229309082,54.1951900731774,53.50076708804318,53.67362933469773,21154000
2019-06-14,53.75832748413086,54.12188083779834,53.50185318820947,53.81132285065512,22230000
2019-06-17,54.11246871948242,54.44333452700149,53.80438593030056,53.80438593030056,18832000
2019-06-18,54.66226196289063,55.29576138264745,54.43392540477306,54.96390549987292,27734000
2019-06-19,54.59936141967773,54.830668210332135,54.16101218901085,54.761325298904126,26776000
2019-06-20,55.04958724975586,55.48050708961775,54.718721469683885,55.47406783600586,25240000
2019-06-21,55.567684173583984,55.6781377821573,54.88415587228249,54.94161411985706,38952000
2019-06-24,55.25266647338867,55.57362397047312,55.0292802972678,55.455245999888106,27912000
2019-06-25,53.80785369873047,55.19471558560838,53.68154758047192,55.11100906258465,30938000
2019-06-26,53.4834213256836,54.13573960190263,53.10896589842491,53.815277162348906,36218000
2019-06-27,53.29570007324219,53.84499788949336,53.26003854907125,53.691453431496825,20086000
2019-06-28,53.53840637207031,53.542861700972765,53.16494097758258,53.31452514999556,33864000
2019-07-01,54.38240814208984,54.85939284459029,54.172051626641874,54.38488710364868,28726000
2019-07-02,55.04116821289063,55.066925227507966,54.39330522873187,54.5948946802836,19832000
2019-07-03,55.55282211303711,55.80939463546071,55.17044606987585,55.34627851167463,15340000
2019-07-05,56.048622131347656,56.112519628998605,55.28337127917997,55.36559268517024,25286000
2019-07-08,55.29377365112305,55.77075453760845,55.03918507461968,55.73063390830598,24728000
2019-07-09,55.71379470825195,55.872043891749286,54.8390803483007,55.06840694642662,26608000
2019-07-10,56.488956451416016,56.566722535811095,56.01791973176192,56.03030320319215,24190000
2019-07-11,56.673709869384766,57.11255411934932,56.44438323411955,56.62615990643545,23910000
2019-07-12,56.70788192749024,56.82873886130022,56.404753298808416,56.66281092975552,17280000
2019-07-15,56.977325439453125,57.00110230699246,56.43546075569596,56.80495826541123,18076000
2019-07-16,57.1378173828125,57.38547171340222,56.712841705045776,56.762371815382686,24776000
2019-07-17,56.77970504760742,57.37456892010255,56.75097781256478,57.00853663376992,23400000
2019-07-18,56.778717041015625,56.84186632308215,56.10509698700246,56.55137055620406,25814000
2019-07-19,55.97482299804688,57.0169503934925,55.95104613077412,56.87083527111991,32944000
2019-07-22,56.369590759277344,56.428039084153305,55.68458107757343,56.14075916214386,26030000
2019-07-23,56.77276992797852,56.80694634338647,56.05902927559265,56.66330639136615,21874000
2019-07-24,56.35670852661133,56.6633061911304,55.82078424354759,56.06398322172509,31796000
2019-07-25,56.07487869262695,56.54938444299692,55.520135454719615,56.3572044558919,44196000
2019-07-26,61.93387985229492,62.68377700636127,60.62577047706496,60.62775062304507,96116000
2019-07-29,61.3890495300293,61.78331403129361,60.83529256194852,61.47028087312474,44474000
2019-07-30,60.6822395324707,61.16417460248931,60.5911036846224,60.69561307667335,29066000
2019-07-31,60.26321029663086,61.12108596611294,59.821592346264346,60.576247226502,34510000
2019-08-01,59.8833122253418,61.12653800838806,59.72035449871005,60.13195662617002,33970000
2019-08-02,59.13935089111328,59.77879445706387,58.88921763666979,59.473681919339946,32902000
2019-08-05,57.07540512084961,58.21065240912404,56.47211806124959,57.95308980556229,51950000
2019-08-06,57.948638916015625,58.44444262011433,57.455805431434925,57.6197532352376,34188000
2019-08-07,58.148738861083984,58.36939667902328,56.94186998666161,57.2576768523796,28886000
2019-08-08,59.67478561401367,59.68518516048074,58.10069408704495,58.58658946650793,29360000
2019-08-09,58.84315490722656,59.62920861343423,58.62487026706148,59.33747340629164,21314000
2019-08-12,58.18439483642578,58.69208688934795,57.83579466679284,58.40728218702352,20060000
2019-08-13,59.30180740356445,59.67378386468749,58.02341913829216,58.02341913829216,25888000
2019-08-14,57.66828155517578,58.56033352358671,57.48254084260007,58.26364039682775,31574000
2019-08-15,57.81539916992188,58.2403748580746,57.56031550549287,57.62916338084816,24374000
2019-08-16,58.327545166015625,58.58114369780723,58.04076029101829,58.42413019744303,26266000
2019-08-19,59.36026763916016,59.78325939551745,58.946190320228574,58.946190320228574,24632000
2019-08-20,58.57965469360352,59.24188511005354,58.550927458286736,59.201764476357376,18310000
2019-08-21,59.00363540649414,59.387500317070725,58.8144256519872,59.09774524724191,14814000
2019-08-22,58.9184455871582,59.33856532157554,58.37608206332179,59.14331309258872,18950000
2019-08-23,57.02437973022461,59.14380478592005,56.84904233912632,58.54497690131518,33740000
2019-08-26,57.89612579345703,57.92485302661322,57.10709806015706,57.3200809051868,24522000
2019-08-27,57.84412384033203,58.56529387147918,57.52762164238333,58.47267290709827,21544000
2019-08-28,58.00162506103516,58.26909215243413,57.32206463991761,57.540492885824506,16040000
2019-08-29,59.082889556884766,59.241883197993374,58.501890499672086,58.501890499672086,21768000
2019-08-30,58.847618103027344,59.362739540291656,58.634786393617794,59.362739540291656,22596000
2019-09-03,57.87136459350586,58.78768859978023,57.61430080022127,58.29931425096183,29598000
2019-09-04,58.516258239746094,58.61878749236048,58.00064175728181,58.28346257123452,21378000
2019-09-05,60.00069808959961,60.08291950497413,59.01751013991163,59.01751013991163,28162000
2019-09-06,59.68122100830078,60.03214901751433,59.561951209918206,59.83972339798961,21442000
2019-09-09,59.65546417236328,60.427649344440674,59.07149490833009,59.63515633832731,29438000
2019-09-10,59.73420715332031,59.93233131841823,59.16856566619457,59.19679785901622,25202000
2019-09-11,60.43606948852539,60.55643138466347,59.54600137233506,59.60593480214103,26140000
2019-09-12,61.13346099853516,61.510387822694376,60.5772289372259,60.64062761714889,34518000
2019-09-13,61.3964729309082,61.461851760980586,60.77485822473014,60.9898249970264,26028000
2019-09-16,60.987342834472656,61.39646970835821,60.70551213735276,60.89918099264097,21066000
2019-09-17,60.880855560302734,61.17061063087517,60.610418250216064,60.942769133815766,19102000
2019-09-18,61.04232406616211,61.20082266239379,60.25577530196179,60.79962391731774,22702000
2019-09-19,61.3543701171875,61.638180965737895,61.02300931247884,61.02498945847161,19920000
2019-09-20,60.91949462890625,61.58271514525219,60.58020941449989,61.0774982084389,45400000
2019-09-23,61.12255859375,61.37318307796259,60.63418435192705,60.72482514801768,21248000
2019-09-24,60.36623001098633,61.7521055145757,59.96602133158638,61.41826573813028,31664000
2019-09-25,61.741207122802734,61.8293727479273,59.93679903189984,60.22060988910079,29060000
2019-09-26,61.48712158203125,61.66592803814015,61.03530056383051,61.51535378258475,30760000
2019-09-27,60.67976760864258,61.61738574716282,60.15275773347715,61.56736060230197,27078000
2019-09-30,60.37812042236328,60.72483493841914,60.04626456000913,60.47569552338866,28082000
2019-10-01,59.68964385986328,60.98388479179583,59.61435673673628,60.37812255094945,25470000
2019-10-02,58.27949905395508,59.287450128916895,58.01500216536769,59.287450128916895,32302000
2019-10-03,58.83424377441406,58.8951672802714,57.57615939651169,58.4464185366872,32424000
2019-10-04,59.88281631469727,60.00366947842289,58.90061841898075,59.035343943296624,23248000
2019-10-07,59.81742477416992,60.33868686469589,59.62276962305289,59.65496588962735,16858000
2019-10-08,58.89863967895508,59.73818770642395,58.8926954611045,59.31767113782134,20786000
2019-10-09,59.55144882202149,59.850613368019694,59.3196432517634,59.40483487864055,17354000
2019-10-10,59.86646270751953,60.17999465228456,59.30528024267862,59.366698780906944,16932000
2019-10-11,60.20227813720703,60.8432067802574,60.11758155229787,60.537107963909214,25454000
2019-10-14,60.28599166870117,60.74118343329034,60.01951841314089,60.04824564793539,17350000
2019-10-15,61.567359924316406,61.78133286178912,60.44746631373789,60.44746631373789,27634000
2019-10-16,61.59856414794922,62.148357051630974,61.34150034929738,61.47622209518479,21892000
2019-10-17,62.06563568115234,62.573573391657305,61.91060611151327,61.95964118026736,19048000
2019-10-18,61.6901969909668,62.35390874827976,61.47176494566879,62.08495652213319,27056000
2019-10-21,61.722877502441406,62.14284983997683,61.447981089991664,62.02551107438501,20544000
2019-10-22,61.55696105957031,61.94330121852828,61.48662807472617,61.80709435705599,20476000
2019-10-23,62.36579895019531,62.40344062389484,61.53516537800937,61.53516537800937,18230000
2019-10-24,62.457916259765625,62.60700538209856,62.09757881368912,62.45345715236307,20562000
2019-10-25,62.6629753112793,62.88437755365132,61.91406821616707,61.96458839193848,24262000
2019-10-28,63.89480209350586,64.35593422644956,63.02999228847398,63.174127255979286,52264000
2019-10-29,62.53865432739258,63.47825252510061,62.27079044766808,63.21276935532797,37728000
2019-10-30,62.47278594970703,62.87249965210869,62.01264377351567,62.06068877481404,28178000
2019-10-31,62.414337158203125,62.78878885357943,61.95533246369428,62.47228666621197,29114000
2019-11-01,63.08943939208984,63.13302528021664,62.43365202954123,62.65653939329141,33402000
2019-11-04,63.96266174316406,64.0993673968945,63.2189581972562,63.22366293351489,30020000
2019-11-05,63.99535751342773,64.33712165142506,63.95567901443423,64.03795332682341,25654000
2019-11-06,63.98396682739258,64.07956556733164,63.5233334174941,63.86806780952829,23060000
2019-11-07,64.82897186279297,65.56598687654588,64.10507720819666,64.10680794681814,40600000
2019-11-08,64.95327758789062,65.28167195093054,64.6063136879013,64.65163786905134,25028000
2019-11-11,64.3499984741211,64.70835199422221,64.26182907276078,64.54762006736382,20238000
2019-11-12,64.3306884765625,64.88543173395665,64.18060548466423,64.39012309476615,21718000
2019-11-13,64.29106140136719,64.6031006975771,64.06866528805615,64.09640245028858,16534000
2019-11-14,64.95773315429688,65.23213451419528,64.17465348090624,64.26628435339387,23870000
2019-11-15,66.11726379394531,66.11776260940623,65.09742046849347,65.32823598631485,35652000
2019-11-18,65.41541290283203,66.14990352620858,65.25691051709119,65.98600486431766,29748000
2019-11-19,65.15586853027344,65.7621257807411,65.02411323647416,65.7621257807411,25384000
2019-11-20,64.54119873046875,65.13309627493715,63.951787705895775,64.97162363795917,26172000
2019-11-21,64.45698547363281,65.01371642153791,64.04340700233429,64.46342472763571,19910000
2019-11-22,64.15931701660156,64.82253761917825,63.96466559021884,64.66849431214922,27714000
2019-11-25,64.72148132324219,64.95030911540157,64.29749577935247,64.34950106514198,20724000
2019-11-26,65.06124877929688,65.12316234453563,64.64222121612161,64.87847830222552,21394000
2019-11-27,65.03352355957031,65.2995055543674,64.86710059121205,65.13308258600915,19912000
2019-11-29,64.63579559326172,64.89558019124955,64.58676052295232,64.742783949504,11740000
2019-12-02,63.890846252441406,64.67887633496265,63.44903184746162,64.43964900318899,30218000
2019-12-03,64.15632629394531,64.3138839328112,63.34996478462989,63.37819697918947,22876000
2019-12-04,65.40748596191406,65.66801878384935,64.63133667702651,64.73733496049257,30750000
2019-12-05,65.78341674804688,65.84424199284871,65.20439790426475,65.7769774949938,24254000
2019-12-06,66.4020767211914,66.56948980099213,66.04644390687048,66.04644390687048,26296000
2019-12-09,66.54769897460938,67.33474675833594,66.26437930658977,66.27428759705776,27086000
2019-12-10,66.6021728515625,66.86542648983318,66.17521704847374,66.44565060625399,21882000
2019-12-11,66.61998748779297,66.92608628559331,66.50358968070368,66.90825741558984,17008000
2019-12-12,66.88003540039062,67.1527060685632,66.39612394349852,66.66556742681301,25620000
2019-12-13,66.7591781616211,67.01985455468731,66.56303034250169,66.76511859955998,30992000
2019-12-16,67.419921875,67.59377416313903,66.99890654816991,67.18860756248498,27946000
2019-12-17,67.12025451660156,67.60962266946848,66.93218598971445,67.50511328232032,37080000
2019-12-18,66.99642944335938,67.38524851319647,66.91619573723274,67.19356734752355,30452000
2019-12-19,67.16584014892578,67.2678705929131,66.81639721498519,66.95682133715441,29398000
2019-12-20,66.84635162353516,67.54225958585235,66.81712557507319,67.52789974823203,66300000
2019-12-23,66.80921173095703,67.35206655243512,66.69380397170256,67.15741515494993,17662000
2019-12-24,66.54769897460938,66.8795549060809,66.50906344381427,66.79238311183387,6950000
2019-12-26,67.38178253173828,67.42770378461266,66.59276229513861,66.67696385509146,13350000
2019-12-27,66.96026611328125,67.58633987705416,66.83247868241773,67.51005891303089,20768000
2019-12-30,66.18016815185547,67.01526082041813,66.07515993840487,66.86666671615356,21018000
2019-12-31,66.22374725341797,66.27229106267713,65.83071849537589,65.88149185838431,19236000
2020-01-02,67.72702026367188,67.76515697491561,66.44813293580884,66.44813293580884,28132000
2020-01-03,67.3946533203125,67.98110151133409,66.64594652740881,66.7606589527368,23728000
2020-01-06,69.0564193725586,69.16983941312115,66.86665756457604,66.86665756457604,34646000
2020-01-07,69.0133285522461,69.49129953918107,68.86671460620467,69.2411738345447,30054000
2020-01-08,69.55717468261719,69.91676766724107,68.88949518030255,68.950909934565,30560000
2020-01-09,70.32540130615234,70.69688275354224,69.85188187411869,70.36205668171877,30018000
2020-01-10,70.81575775146484,71.07326742668134,70.25209634099153,70.70827058895811,36414000
2020-01-13,71.28630065917969,71.35019437932804,70.63199843131076,71.13275620465708,33046000
2020-01-14,70.87272644042969,71.41360115565871,70.74840801395302,71.27541414674027,31178000
2020-01-15,71.28480529785156,71.39352437531501,70.83952188548358,70.83952188548358,25654000
2020-01-16,71.90394592285156,71.91831331808672,71.37000182049842,71.69294700639963,23474000
2020-01-17,73.3249740600586,73.36979941780872,72.22687749900838,72.459174277934,47924000
2020-01-21,73.52362060546875,73.8926231482344,72.86980952957222,73.26209768667225,40734000
2020-01-22,73.60038757324219,74.45548575652512,73.54986361326971,73.85052085360856,32216000
2020-01-23,73.63504791259766,74.0743909230073,73.40968915592059,73.68409053692113,27024000
2020-01-24,72.64741516113281,74.07315822047792,72.57509447765393,73.97879896316432,35692000
2020-01-27,71.02230072021484,71.22884809715171,70.39325667433566,70.87866454989448,35104000
2020-01-28,71.94654083251953,72.11693163815444,70.95146457385889,71.47302897824414,31548000
2020-01-29,72.24720001220703,72.58400622511809,71.65827283940682,72.25561941174888,21554000
2020-01-30,72.1090087890625,72.18033183855457,71.14612872639563,71.32245998290716,26788000
2020-01-31,71.03864288330078,72.8167988305319,70.75631337147726,72.75587533243763,48344000
2020-02-03,73.59989166259766,73.80098987950204,72.26503876228817,72.41412412859363,60736000
2020-02-04,71.67463684082031,72.78561238720405,70.64588272051404,72.16994554377212,78660000
2020-02-05,71.7320785522461,72.50525759750649,70.8568690763879,72.43492462068107,39724000
2020-02-06,73.11893463134766,73.40472560901487,71.79844185546999,71.8360873005369,33588000
2020-02-07,73.26753234863281,73.59492907938713,72.62957012790513,72.67662504712479,23446000
2020-02-10,74.72621154785156,74.76682721341174,73.02433655966655,73.02433655966655,28398000
2020-02-11,74.73168182373047,75.76390499475602,74.57556011916913,74.88126602166231,26892000
2020-02-12,75.20121002197266,75.32132627677679,74.69798088273664,75.0134891677082,23352000
2020-02-13,75.02242279052734,75.64254868539533,74.52414391369767,74.92484390143835,18590000
2020-02-14,75.32357788085938,75.32357788085938,74.65985847806272,75.06898546005513,23956000
2020-02-18,75.27055358886719,75.86294220346375,74.91987881655419,75.03924684935471,22414000
2020-02-19,75.61825561523438,75.88651244638365,75.35623397554558,75.53801436949391,18986000
2020-02-20,75.19527435302734,75.76438494741576,74.63409190054291,75.38596543823225,21932000
2020-02-21,73.55876922607422,74.90130057865936,73.32746249009388,74.69401255880206,34634000
2020-02-24,70.41258239746094,71.17437189625213,69.90737300377876,70.63645985698962,57342000
2020-02-25,68.7711181640625,71.23230351605271,68.47145859906882,70.97771872332623,49566000
2020-02-26,69.00540161132812,70.12084361581478,68.30305436441817,69.15201555992175,44048000
2020-02-27,65.28612518310547,67.94166697941417,65.24055159835649,67.46399081409245,59566000
2020-02-28,66.33817291259766,66.42782365753519,62.95372880843212,63.27568018747623,75782000
2020-03-02,68.80379486083984,68.89097417275916,65.71827451693605,66.9463880383613,48630000
2020-03-03,66.44021606445312,69.84595456323427,65.97511594467173,69.31448930668107,48046000
2020-03-04,68.67552947998047,68.75329934491037,66.52540055444359,67.32383783439066,38266000
2020-03-05,65.33319091796875,67.30798612166484,64.64272454234582,66.87657123021245,51226000
2020-03-06,64.31137084960938,64.69820224202135,62.46089773946285,63.253885844615766,53212000
2020-03-09,60.20772933959961,62.14933805691189,59.43702931375618,59.69954225526721,67308000
2020-03-10,63.41881942749024,63.45646487686631,60.36672652287513,62.408884452741,52228000
2020-03-11,60.20030212402344,62.456432925319966,59.24237623849774,61.89871571945203,52170000
2020-03-12,55.22245407104492,59.13341292377036,55.1427116173781,55.77175192539787,84534000
2020-03-13,60.414283752441406,60.415768862197005,55.33306197010944,58.39689252168568,74002000
2020-03-16,53.707801818847656,57.07278075214232,53.21794235330723,54.28582691881317,85048000
2020-03-17,55.46466064453125,56.01246958716073,52.30508428325099,54.14267880051403,77230000
2020-03-18,54.3254508972168,54.805900874778125,51.37737219700703,52.329852751862205,84668000
2020-03-19,55.24127578735352,57.35525189875328,52.50806563776988,54.13970987943636,73022000
2020-03-20,53.11293411254883,56.66281083817811,52.77463899620052,56.25318889355213,72036000
2020-03-23,52.33530044555664,53.063404718373306,50.20131130312804,52.56809610055569,80882000
2020-03-24,56.19078063964844,56.21752772806036,54.0193463441892,54.6706783813013,66890000
2020-03-25,54.60727310180664,56.90599952904363,53.79100330397795,55.795024315542,81630000
2020-03-26,57.542476654052734,57.94961961758625,54.16347838714766,55.06840889952835,71434000
2020-03-27,55.014427185058594,56.99368165836001,54.77668114689392,55.755410021112304,64170000
2020-03-30,56.802978515625,57.04122333465564,54.30959680205843,55.72419572666502,51482000
2020-03-31,57.5949821472168,58.21411793706986,56.3730581103995,56.82676099859126,49728000
2020-04-01,54.76231384277344,55.95452440726325,54.35764978484978,55.57362966272933,46884000
2020-04-02,55.51616668701172,55.81434115216237,54.30563239683544,54.39775831136439,39298000
2020-04-03,54.37894058227539,55.64989958495011,53.48391835141136,55.42577274985174,46268000
2020-04-06,58.7891731262207,59.17254303728407,56.01643560119812,56.36612413210073,53294000
2020-04-07,58.76886749267578,60.67531001508248,58.55687469379434,60.47718579802771,47746000
2020-04-08,59.94620895385742,60.38158412328799,58.85058733242759,59.7589831200082,39502000
2020-04-09,60.0041618347168,60.7035388843486,59.27531688449913,60.62973687121164,43508000
2020-04-13,60.30679702758789,60.45291594808492,58.822756783947845,59.89172965774922,34796000
2020-04-14,62.86605072021485,63.50202903851045,61.26620608370756,61.6703788320828,49408000
2020-04-15,62.531227111816406,63.42228908782632,61.438080643119584,61.69613449499243,33434000
2020-04-16,62.58076095581055,63.349975970982136,61.54804289228388,63.10727579486563,50362000
2020-04-17,63.56047821044922,64.11423138251182,62.965119294999866,63.63972940484587,38980000
2020-04-20,62.73627853393555,63.478746331231385,62.4767358228097,62.953716692378535,33910000
2020-04-21,60.24637222290039,62.12507752462811,59.91798159817608,61.76498566573144,43060000
2020-04-22,62.5678825378418,63.6775202150364,61.51733181991914,61.6926730139725,41848000
2020-04-23,63.21673202514648,64.05875515664131,62.689725957889806,62.9809661529527,31324000
2020-04-24,63.36532211303711,63.41930754398968,61.88633065625085,62.46683086353142,32792000
2020-04-27,63.19542694091797,64.1994213771173,62.85465667897842,64.19199205106995,32012000
2020-04-28,61.104736328125,63.79822255204563,61.03192816857222,63.79228211363711,59026000
2020-04-29,66.44466400146484,67.3614793082127,65.64523660592087,66.44367392830185,75872000
2020-04-30,66.80029296875,67.00634154208466,65.50406809564436,65.62245363108484,53378000
2020-05-01,65.41094970703125,66.96918858935562,64.93495887973424,65.80174890833125,41450000
2020-05-04,65.71754455566406,65.76014792955644,64.34058718659358,64.79775910192963,30080000
2020-05-05,66.921630859375,68.05242265580033,66.24553951441865,66.26832630798245,33030000
2020-05-06,66.73292541503906,67.91275237198086,66.73243415742601,67.44567974910679,24308000
2020-05-07,67.98406982421875,68.23370424919919,67.12767939238755,67.6561742890151,27952000
2020-05-08,68.76716613769531,69.28179252302826,68.12871259649536,68.50762339113597,27738000
2020-05-11,69.50467681884766,70.16194927740379,68.21152050254162,68.26739538796932,28242000
2020-05-12,68.14159393310547,70.08617313014014,68.09354893417215,69.6958726999192,27812000
2020-05-13,66.8334732055664,68.62411472796708,65.79679117951973,68.20647018693798,36252000
2020-05-14,67.1702880859375,67.23418180667922,65.57440372461046,66.1246878276628,32062000
2020-05-15,68.01529693603516,68.07919067136294,66.321833310837,66.86667591549512,34154000
2020-05-18,68.54774475097656,68.9630615427515,67.07717625344415,67.44865774546122,36448000
2020-05-19,68.02989196777344,68.9469565791344,68.02989196777344,68.69915867726615,25612000
2020-05-20,69.67604064941406,69.8593099463187,68.71167940786025,68.82707958495773,33108000
2020-05-21,69.48188018798828,70.11042532376888,69.0187679203265,69.73944274053163,27700000
2020-05-22,69.85931396484375,69.97521296396526,68.93853099379892,69.18024483728796,26188000
2020-05-26,70.18621063232422,71.37396562314146,69.94400553553683,71.18921498841847,41212000
2020-05-27,70.22682189941406,70.41999192098187,68.91177837608546,70.19760341264302,33716000
2020-05-28,70.1718521118164,71.36603882027146,69.14507842796779,69.18767423884233,33844000
2020-05-29,70.775634765625,70.9564251232419,70.00444345669682,70.18225603742725,36418000
2020-06-01,70.91928100585938,71.2233997073432,70.23476263035076,70.2540803917512,24342000
2020-06-02,71.28579711914062,71.30511487852971,70.27586223978045,70.85636242098421,25562000
2020-06-03,71.1451416015625,71.64896788590269,70.81809249182767,71.24024152409602,25124000
2020-06-04,69.94647216796875,71.27290515761315,69.57746977894053,70.84891971967086,29686000
2020-06-05,71.24468994140625,71.57456562256118,69.64038630737782,69.99552018557767,34698000
2020-06-08,71.65184020996094,71.72019304344022,70.44972518542737,70.44972518542737,28084000
2020-06-09,72.1248550415039,72.71130325973778,71.48343131789683,71.58992085195077,28184000
2020-06-10,72.60482025146484,73.02132360559166,72.13031070519294,72.29227457459608,30504000
2020-06-11,69.5334243774414,72.0414161635856,69.44228472637624,71.44729658731626,39826000
2020-06-12,69.99603271484375,71.17585993338314,68.65078012678609,70.75435325011358,38928000
2020-06-15,70.32638549804688,70.57156081432208,68.74486866751403,68.88751475010892,30078000
2020-06-16,71.45915985107422,72.06838727827264,70.62604744731118,71.58298699403863,34184000
2020-06-17,71.87521362304688,72.31504785458766,70.89747503506885,71.67907337325398,30992000
2020-06-18,71.12432861328125,71.88958703322878,70.68103286828745,71.77813957771545,31638000
2020-06-19,70.91432189941406,71.71077897998217,70.40068560808832,71.52255929223219,63158000
2020-06-22,71.91187286376953,71.95595000612207,70.49281107960402,70.77959214383014,30848000
2020-06-23,72.53348541259766,73.10462908489873,71.58398267555215,72.09910030520709,28596000
2020-06-24,70.92671203613281,73.07882860965927,70.81675346126384,72.3898511099253,35120000
2020-06-25,71.39031219482422,71.46807449615841,70.3338211287437,70.8241793630583,24610000
2020-06-26,67.35702514648438,71.00001810302953,66.96523582811108,70.89798766652343,85354000
2020-06-29,69.09404754638672,69.12525373560733,66.71855291477357,67.27180713359567,36204000
2020-06-30,70.0173110961914,70.26695308524504,68.54872299831463,68.86968803089401,40848000
2020-07-01,71.22735595703125,71.47303010274473,69.82959205096195,69.89299451230417,35504000
2020-07-02,72.54783630371094,73.45177280096232,71.64241091830493,71.6681679275993,37182000
2020-07-06,74.08330535888672,74.62269106302854,72.95201473669655,73.30863750650425,31280000
2020-07-07,73.56224822998047,75.12840779714054,73.48150814844566,73.80098432429122,29164000
2020-07-08,74.0981674194336,74.58752800910834,73.58453114651995,74.01495593983825,24994000
2020-07-09,74.84062957763672,75.42162858940911,73.706126863362,74.61576208541224,28466000
2020-07-10,76.36370849609375,76.46722781535294,74.12491899550255,74.6009098494811,37126000
2020-07-13,74.85798645019531,78.11671804151135,74.55599899688363,76.77284855560754,36928000
2020-07-14,75.31562042236328,75.43300829687512,73.47902016344642,73.81632513637089,31700000
2020-07-15,74.9719009399414,76.04622859208759,74.1972404755685,75.44195140845014,32214000
2020-07-16,75.1878433227539,75.22201973541121,73.61820730189592,74.29628637469574,30386000
2020-07-17,75.06649780273438,75.4572970478226,74.21803536652837,75.36715504665901,29134000
2020-07-20,77.55146789550781,77.77782430801732,74.47460782549973,75.05213788432822,31146000
2020-07-21,77.18988037109375,78.60498193669973,76.98482188544176,78.60498193669973,24324000
2020-07-22,77.68865966796875,77.76345175176102,76.57966447645106,77.29291008393331,18640000
2020-07-23,75.07292175292969,77.85606208458157,74.66241182276325,77.61336573585365,32552000
2020-07-24,74.88420867919922,75.16980314115192,73.72171950336745,74.24328385764278,30880000
2020-07-27,75.79212951660156,76.32557486128403,75.04965782103808,75.06897558337137,24920000
2020-07-28,74.31312561035156,75.60786144917664,74.18038780870843,75.5434764732501,34044000
2020-07-29,75.386962890625,75.84423306848196,74.36216920276927,74.60933226288952,22130000
2020-07-30,75.85403442382812,76.17202168497377,73.91093681328425,74.14769274194919,33428000
2020-07-31,73.4522705078125,74.73957679093525,72.01934038443326,74.54442663631292,68798000
2020-08-03,73.0307846069336,73.82426395365863,72.59441177840834,73.63456292494298,46604000
2020-08-04,72.56121063232422,73.58105373558138,72.24818132537288,73.135770340013,38070000
2020-08-05,72.9891586303711,73.42503256774904,72.4864207603398,72.77568076875406,39590000
2020-08-06,74.30125427246094,74.41468189789087,72.6122573742596,72.89705836100508,39908000
2020-08-07,74.02336883544922,75.13062557904549,73.38689554508223,74.29628130267737,31556000
2020-08-10,74.10311126708984,74.4981201316267,72.96291003606547,73.66129689412331,25786000
2020-08-11,73.32154083251953,74.79161829318889,73.20663186741207,73.92185779506133,29088000
2020-08-12,74.62419128417969,74.90978580950575,73.56571243199275,73.58205997508263,28740000
2020-08-13,75.21014404296875,76.14132674178079,74.69279680821872,74.8084464223446,29104000
2020-08-14,74.67916870117188,75.38102474731373,74.43894370330811,75.07194809833972,27096000
2020-08-17,75.18685150146484,75.56477217788633,74.69104412176317,75.0228999529165,27566000
2020-08-18,77.19879913330078,77.39048029760716,75.47066820417555,75.59300646640358,40542000
2020-08-19,76.6504898071289,77.94571687580203,76.47316849326228,76.93677205280082,33212000
2020-08-20,78.34544372558594,78.54951214998222,76.18837676737995,76.44841077389003,34138000
2020-08-21,78.2795639038086,79.13644564870312,77.66463786581276,78.11165205461235,28930000
2020-08-24,78.6649169921875,79.95123351158115,78.28699628127157,78.95119926178164,28198000
2020-08-25,79.65653228759766,79.82493541788108,78.36129742274787,78.36129742274787,44942000
2020-08-26,81.84381103515625,82.1825974235189,79.4276925645429,79.64562957196773,79868000
2020-08-27,80.94976806640625,81.97357158629022,80.52479245001598,81.90818897812034,37232000
2020-08-28,81.44904327392578,81.58574893898502,80.77245301809687,80.90816861006219,29980000
2020-08-31,80.94233703613281,81.62511707085079,80.75065588094837,81.6214061865674,36468000
2020-09-01,82.25639343261719,82.50503780367575,80.84525972614935,81.06368797527435,36506000
2020-09-02,85.60319519042969,85.84589156464904,82.53475482086186,82.90351545523254,50224000
2020-09-03,81.3217544555664,84.68361187972025,79.99531347826205,84.68361187972025,62156000
2020-09-04,78.80558013916016,81.48371254673238,76.65460493197332,80.45099080720176,52172000
2020-09-08,75.90058898925781,77.4595760350108,75.68364208270908,75.9560633071142,52218000
2020-09-09,77.1175765991211,77.71392562506236,76.08193740419422,77.14581257860169,35494000
2020-09-10,75.88226318359375,78.46088941733551,75.57443361652261,77.29983610080788,32372000
2020-09-11,75.32257843017578,78.02101892792562,74.16553061726401,76.07940997007096,31942000
2020-09-14,75.2512435913086,77.46626376083674,75.07590996597162,76.22824164067754,33932000
2020-09-15,76.34884643554688,77.24684266885323,75.87310501051564,76.07940297447982,26622000
2020-09-16,75.33149719238281,77.36721621989557,75.27800300714361,77.04724873949336,26234000
2020-09-17,74.07488250732422,74.70729731601827,72.81036276011736,74.09816811777375,37596000
2020-09-18,72.3145523071289,74.44502308058308,71.18227915474664,74.19771645513,62078000
2020-09-21,70.88658905029297,71.73852050439933,69.6676352289973,71.32741343172394,57776000
2020-09-22,72.58550262451172,72.78659327692685,71.05351185078658,71.82421197441498,31664000
2020-09-23,70.0965805053711,72.36261629331767,69.7246077231488,72.2546454058839,33148000
2020-09-24,70.74443054199219,71.50814719874674,69.83108437142835,69.88952891281068,29004000
2020-09-25,71.57011413574219,71.81974858733497,70.00394703821533,70.95939777196969,26460000
2020-09-28,72.53893280029297,73.14717018713014,71.78512444613715,73.01889148777396,40158000
2020-09-29,72.77716827392578,73.14038143255407,72.2558533202718,72.8296723692479,19564000
2020-09-30,72.79055786132812,73.78860442476031,72.30911782394072,72.65186449503723,34032000
2020-10-01,73.8054428100586,74.24874613707483,73.26654830615887,73.51717283309068,35590000
2020-10-02,72.23680877685547,73.46418971630573,71.86532725334942,72.4156190259731,25682000
2020-10-05,73.60385131835938,73.71232099994694,72.52655359795985,72.6226435876271,22266000
2020-10-06,71.9901351928711,73.64050392401876,71.74991020308546,73.08675074558228,24908000
2020-10-07,72.32943725585938,72.7588645155627,71.12633200602403,72.527557711796,34924000
2020-10-08,73.59939575195312,73.80098521378355,72.56717275759878,72.56717275759878,23756000
2020-10-09,75.0501480102539,75.1145329861545,73.77373985906864,74.03377383968089,28706000
2020-10-12,77.72135925292969,78.9452711292906,75.90952527664217,76.42613187412749,49652000
2020-10-13,77.8466567993164,78.75406246037683,77.4266391233842,78.44350453181798,32020000
2020-10-14,77.66836547851562,78.63937035296188,76.79909629695543,78.18893237953378,38586000
2020-10-15,77.22505950927734,78.0163169401252,76.52668001381919,76.63168067753219,30800000
2020-10-16,77.91253662109375,78.31473301422481,77.41673675665842,77.55790152347483,28694000
2020-10-19,76.01055145263672,78.66243560091041,75.68315470896633,78.2815446825892,32142000
2020-10-20,77.06655883789062,78.13493843203791,75.56775440049603,75.6361072350789,44834000
2020-10-21,78.91800689697266,80.17708497450052,77.84417827625442,77.92837982651007,51366000
2020-10-22,80.00869750976562,80.33857326438611,78.50642396011347,78.90514381052147,28672000
2020-10-23,81.2801513671875,81.34750657086066,80.2652583947856,80.5406498794627,27516000
2020-10-26,78.7763671875,81.14345078805268,78.0854094707488,80.48815837943344,37066000
2020-10-27,79.46038818359375,79.58842505482171,78.39646761222066,79.03492122970802,24580000
2020-10-28,75.11949157714844,77.33500287816271,75.02043137212017,77.2552604334192,36680000
2020-10-29,77.62674713134766,78.93783061129321,75.3978583570201,75.4037987954445,40062000
2020-10-30,80.29002380371094,83.5585649938043,79.4702886195605,82.82105122423567,86582000
2020-11-02,80.53868103027344,82.25938301430403,80.04337231762793,80.64418051635465,50708000
2020-11-03,81.73631286621094,82.30542343592738,80.07257459892989,80.82345803105521,33234000
2020-11-04,86.63591003417969,87.73723402270187,84.50113118571704,84.71163885146169,71418000
2020-11-05,87.34124755859375,88.8405433325739,86.70427528947462,88.21447698400932,41316000
2020-11-06,87.26100158691406,87.78998783110157,86.20104139448401,86.87466145046452,33218000
2020-11-09,87.32290649414062,90.05007397585732,87.17530247764049,88.70481414375496,45366000
2020-11-10,86.2030258178711,87.32291949992242,85.05935526408034,85.74238482751937,52722000
2020-11-11,86.81322479248047,87.38332542944632,86.5484823063701,86.6789981073533,25280000
2020-11-12,86.67107391357422,87.58392878115055,86.46106506957015,86.5616141630538,24950000
2020-11-13,88.017333984375,88.21645204839321,86.40906979122398,87.05693282795464,29998000
2020-11-16,88.2332763671875,89.1094758178407,87.55519731710552,87.75381653305926,24936000
2020-11-17,87.67704772949219,88.41258127094943,87.52102431799987,88.01336267756409,22942000
2020-11-18,86.5195083618164,87.84149009531403,86.48781091052385,87.43335328923375,23470000
2020-11-19,87.36846160888672,87.64930221122832,86.03533978518222,86.10344319667607,24998000
2020-11-20,86.29216766357422,87.86774422814123,86.27582767924748,87.43236904908214,46270000
2020-11-23,85.92911529541016,86.87218643979885,85.0801615644183,86.65920734162786,43232000
2020-11-24,87.61414337158203,87.74886887587581,85.5739657206465,85.71315033228537,31560000
2020-11-25,87.74044799804688,88.09261166304668,87.00293432902644,87.81276111390915,20916000
2020-11-27,88.81825256347656,89.35367807389466,87.79048861896149,87.82268489069065,17698000
2020-11-30,87.21096801757812,88.56439784526994,86.92665834487805,88.22357087413691,36476000
2020-12-01,89.06144714355469,90.38540922067412,87.63842484800139,87.88607917299112,34738000
2020-12-02,90.53994750976562,90.92133730220664,88.63414733476014,89.06145082613064,24440000
2020-12-03,90.48147583007812,91.49339077762949,90.2774074493265,90.34477019432258,24546000
2020-12-04,90.54190063476562,90.79797429449586,89.99706579454684,90.37002851694716,27564000
2020-12-07,90.1204071044922,90.75886060778426,89.44183674913002,90.0966302362532,26418000
2020-12-08,90.07434844970705,90.24028016556196,88.96758277128306,89.65581205432487,21926000
2020-12-09,88.36949157714844,90.85297267732174,87.5611536152986,89.75041674777688,30152000
2020-12-10,87.93362426757812,88.2298148206151,86.19954534770284,87.65971413685175,27256000
2020-12-11,88.25260925292969,88.38535462990626,87.17432136725435,87.32588569143383,24414000
2020-12-14,87.17728424072266,89.02627209993945,87.03636888287868,87.91727692518828,32004000
2020-12-15,87.55917358398438,87.73996396190198,86.67653471917494,87.39324941874033,29646000
2020-12-16,87.32290649414062,87.81821508734866,86.98015228255343,87.81226709139446,30270000
2020-12-17,86.57498168945312,87.75798285818833,86.11731856569327,87.59581495055865,32494000
2020-12-18,85.73841857910156,86.93211419747611,85.20398316444226,86.88604934585975,80328000
2020-12-21,86.15249633789062,86.22580709475749,84.15293410763198,84.87162893265678,36568000
2020-12-22,85.36644744873047,86.05516800853461,84.82532336211666,85.90781338526706,18734000
2020-12-23,85.80625915527344,86.5794304812658,85.44269835464063,85.59476145352497,20676000
2020-12-24,86.12674713134766,86.4808985816086,85.64431696055749,85.93605601029228,6936000
2020-12-28,87.97126007080078,88.69629583144271,86.49747214397033,86.75998509178896,27860000
2020-12-29,87.11090850830078,88.7810936522575,86.98064210858116,88.55077697408068,25988000
2020-12-30,86.15992736816406,87.42668436719255,85.47045858072799,87.2738805618697,26122000
2020-12-31,86.77213287353516,87.12132637608217,85.95685677659881,85.95685677659881,20238000
2021-01-04,85.60121154785156,87.20650530630094,84.5912766397336,87.05246204218518,38038000
2021-01-05,86.2292709350586,86.5636057845847,85.09476804692507,85.44074192414902,22906000
2021-01-06,85.95040893554688,86.57994422724443,84.15292756837775,84.3327278539795,52042000
2021-01-07,88.52404022216797,88.58099587910091,86.03758871871467,86.18667408079789,45300000
2021-01-08,89.51265716552734,89.64292356206279,87.84470917387046,88.5601842818317,41012000
2021-01-11,87.50717163085938,88.87397898518316,87.20008267488619,88.46559269516516,24194000
2021-01-12,86.50812530517578,88.06785315729121,85.4560933166949,86.87316751155537,27140000
2021-01-13,86.8969497680664,87.42370646031036,86.0851351513585,86.11337112998345,21882000
2021-01-14,86.192626953125,87.91778790034647,85.85680320003058,86.85831890461613,23590000
2021-01-15,85.99498748779297,86.97619523821407,85.26985344314777,86.0940476985717,26844000
2021-01-19,88.70283508300781,89.61494931492143,86.25600939337305,86.7904523299065,34692000
2021-01-20,93.45978546142578,94.29239913735232,90.42007214343953,90.713791306226,49806000
2021-01-21,93.67523956298828,95.83527663247308,93.47018107575144,94.00957438164876,41278000
2021-01-22,94.16064453125,94.65100279337274,93.20519376539724,93.8946625285237,25442000
2021-01-25,94.07892608642578,95.57376269301508,92.5003791740298,95.1324470396508,38546000
2021-01-26,94.96255493164062,95.34691492694208,93.32828428621032,93.55588018243706,26262000
2021-01-27,90.68059539794922,93.61332005085735,89.60131759698272,93.24332751046032,54966000
2021-01-28,92.2814483642578,94.05068631452993,91.26755305081576,91.33193803333718,35462000
2021-01-29,90.92578887939452,91.99267955574976,89.66077021657922,91.44239541712076,32252000
2021-02-01,94.17549896240234,95.21772845443712,91.67815684369376,91.80891450637708,32044000
2021-02-02,95.47122192382812,96.87046706742272,94.82632922368045,95.2260390520218,45474000
2021-02-03,102.53234100341795,104.83205375114048,99.97208791150192,102.67746604879272,82364000
2021-02-04,102.15095520019533,102.95236260695384,101.17123640262363,102.47390038433662,37046000
2021-02-05,103.9157485961914,104.13913477608216,102.00038801164774,102.52888296719875,30702000
2021-02-08,103.66363525390624,105.18111495036396,102.62794324968388,104.30753796329452,24838000
2021-02-09,103.19803619384766,104.26889460594592,102.95187079398984,102.95187079398984,17798000
2021-02-10,103.78598022460938,104.42939171794175,102.18663423060556,103.72803449422152,22710000
2021-02-11,103.8112335205078,104.1153522064527,102.89144057838256,103.99053498688016,18914000
2021-02-12,104.21837615966795,104.45167062297476,103.1792227017859,103.53187765035264,17114000
2021-02-16,105.09954071044922,106.62410214356812,104.23077045099544,104.23077045099544,22676000
2021-02-17,105.4170150756836,105.68200697440231,103.96130548660663,104.01479965861996,21418000
2021-02-18,104.86672973632812,105.63619026004616,104.1985589674364,104.5294247252925,22432000
2021-02-19,104.0712661743164,105.52697579311356,103.88651552984572,104.9692623831146,29148000
2021-02-22,102.27529907226562,103.58984416015302,102.1395834699429,102.38029973290324,27350000
2021-02-23,102.57147979736328,103.12375162754503,99.16177393902302,100.30049401497206,33348000
2021-02-24,103.77557373046876,104.05344415968692,100.95033600433452,101.13359777248124,24966000
2021-02-25,100.6150131225586,103.7612159715272,100.11623546538218,102.40257873658554,36568000
2021-02-26,100.8874282836914,102.57890380188024,99.85718550420968,101.56401849096694,41670000
2021-03-01,103.09898376464844,103.3471293292,101.3450957816274,101.86120348765785,28090000
2021-03-02,102.81814575195312,104.23125969147011,102.59129808920537,102.83548336775668,22692000
2021-03-03,100.38468933105467,103.44609333776256,99.55702608150564,102.3906830640615,29684000
2021-03-04,101.4931869506836,103.48185065241294,100.06570570906212,100.21925772169494,42360000
2021-03-05,104.43780517578124,104.91181588553374,101.36069585468113,102.68341836427362,43904000
2021-03-08,100.25888061523438,105.44178428026606,100.13207569331924,104.07077502706711,32948000
2021-03-09,101.67198944091795,102.92709962930007,101.43077441591372,102.5288711269032,33946000
2021-03-10,101.78740692138672,102.77653524004768,100.71456830467426,102.61605271306814,25372000
2021-03-11,104.74637603759766,105.2877494694206,102.64676373322618,102.72997521267462,24782000
2021-03-12,102.12867736816406,103.53238183960758,101.41692062259288,103.2718490173795,34516000
2021-03-15,102.35503387451172,102.38326229444606,101.21681258965202,102.1474964149677,25962000
2021-03-16,103.64432525634766,105.18176524327934,102.5288907188728,102.97417422381838,29832000
2021-03-17,103.57298278808594,104.49920737300552,101.73637478550631,102.8275409898306,25980000
2021-03-18,100.85572814941406,102.80130486930943,100.72348159527915,102.08310888692422,27228000
2021-03-19,101.2014617919922,101.69181249327993,99.93743321478854,101.14449857935956,46298000
2021-03-22,100.97311401367188,101.93401391958564,100.35298818246116,101.1340953570411,39096000
2021-03-23,101.68488311767578,102.64290354367655,101.0043250089806,101.6224707234638,27340000
2021-03-24,101.2935791015625,102.93552832276949,101.11997621822368,102.29955377217328,23080000
2021-03-25,101.25892639160156,101.9776137151417,99.59320005569953,101.28121437499786,28378000
2021-03-26,100.82254028320312,101.5872999195931,99.7561409084256,100.9864918465526,29870000
2021-03-29,101.83297729492188,101.95581437800386,99.83539525356622,100.44264259955706,24596000
2021-03-30,101.81266021728516,102.56751152062776,101.24255955833726,101.91617952905747,20732000
2021-03-31,102.4610366821289,103.68429849786664,101.87235884390547,101.98999616001728,29198000
2021-04-01,105.88459014892578,106.14166147271744,103.86075998825868,103.9132640891107,33980000
2021-04-05,110.23341369628906,110.815901690897,106.5716017202734,106.63698433683932,43298000
2021-04-06,110.19378662109376,110.83323022140456,109.70094941220243,110.082339160125,27060000
2021-04-07,111.42857360839844,111.69207660486114,110.2224985137328,110.262124104166,25798000
2021-04-08,112.20919799804688,113.12873402784862,111.82483802918432,112.82932383973989,27166000
2021-04-09,113.22160339355467,113.37812563055458,111.62839445457404,111.7762932308102,20888000
2021-04-12,111.6816864013672,112.6985518430533,110.87309150839374,112.2493081051272,31318000
2021-04-13,112.2998275756836,112.792158364322,111.74606691614696,112.01254770084196,23310000
2021-04-14,111.68415832519533,112.83079891436208,111.40431532185302,112.6906317838901,20220000
2021-04-15,113.75555419921876,114.24774146324742,112.23694075200235,112.78078564773774,27472000
2021-04-16,113.81002807617188,114.23995406179556,113.15077548104162,114.06957080751236,22596000
2021-04-19,114.03985595703124,114.83482415201613,113.31893162197191,113.52374070231508,24688000
2021-04-20,113.60547637939452,114.39648432065614,112.51975919914652,114.3117839451799,21774000
2021-04-21,113.588623046875,113.68917214352422,111.86891153149162,113.19039451022856,23930000
2021-04-22,112.33203125,114.10731533543296,111.76391071604854,113.58565265597396,21096000
2021-04-23,114.67880249023438,115.19986811817816,112.84170302717472,113.10223584114662,28670000
2021-04-26,115.24543762207033,115.96463125142569,114.60649281790748,114.90813256760222,20834000
2021-04-27,114.27364349365234,115.77590931697584,114.13247872508548,115.7040950097201,31972000
2021-04-28,117.87898254394533,121.4683825971906,117.62835803577842,119.22795322001608,59728000
2021-04-29,120.35454559326172,120.68293242735903,118.9869977061331,119.38572507567216,39554000
2021-04-30,119.37530517578124,120.21832585954245,118.98104451407151,119.09645225674508,39142000
2021-05-03,118.63484954833984,119.84984320466285,118.10635451595805,119.00881002429692,33788000
2021-05-04,116.6080322265625,117.84679502199562,114.50049165072105,117.37526327612407,35120000
2021-05-05,116.73136138916016,117.99241973205076,116.46736709520933,117.30988149293232,21806000
2021-05-06,117.95030975341795,118.0176725084666,116.01801218576092,116.42921747878071,20618000
2021-05-07,118.8091812133789,119.686869632046,118.3787564038421,118.87406500804228,23272000
2021-05-10,115.98443603515624,117.78438885227844,115.64119055466674,117.63034557714772,26006000
2021-05-11,114.35487365722656,115.0106572356598,113.07895668809384,113.51780090067813,32110000
2021-05-12,110.90355682373048,113.19633917155694,110.45629323268196,112.0244403915708,34934000
2021-05-13,112.03732299804688,112.76200356035672,111.08385242705742,111.993729552947,26670000
2021-05-14,114.72138214111328,114.96804633963748,113.09479057919351,113.51629712133564,26624000
2021-05-17,114.98143005371094,115.07702122190634,113.6733169146828,114.38260217344325,19842000
2021-05-18,114.09087371826172,116.05823960206573,114.0774963951022,115.74896647155104,17302000
2021-05-19,114.35240173339844,114.75112155952336,112.11410338732068,112.1576892777836,19350000
2021-05-20,116.6991729736328,116.90968066227516,114.96559269179508,115.30983583265176,23832000
2021-05-21,116.15481567382812,117.33860291133576,116.01959890660932,117.18951756394554,22832000
2021-05-24,119.2044448852539,119.78940425214284,116.89828501839656,117.23955036443267,21244000
2021-05-25,119.32331085205078,120.50313784224554,119.02216236895072,119.8646843147055,18838000
2021-05-26,120.53482818603516,121.0011147823661,119.49393647193568,119.5097851978256,21856000
2021-05-27,118.99839782714844,120.855306384403,118.97313206849375,120.70374206371474,38962000
2021-05-28,119.4466552734375,120.2678718124204,119.2549665337384,119.96177294215455,24108000
2021-06-01,120.35057830810548,120.75480018185358,119.1157758633586,119.96373939579668,19166000
2021-06-02,119.92809295654295,120.95436798104456,119.08210193258972,120.62301091572884,17158000
2021-06-03,119.10240936279295,119.35675234299777,118.02363023565748,118.6274085615898,18346000
2021-06-04,121.43778228759766,121.54174751737558,119.7542272796272,119.98950189455788,25948000
2021-06-07,122.14755249023438,122.24216114670573,120.90844210222257,121.41598678390754,23850000
2021-06-08,122.97769165039062,123.55447340850296,122.25404654614329,122.831576527355,25060000
2021-06-09,123.40118408203124,124.07480407914458,123.19959463097712,123.8023828380676,20126000
2021-06-10,124.8970184326172,124.97923984163276,123.5299618591513,123.53046067457504,31234000
2021-06-11,124.51712799072266,125.16400095568898,123.74246001507032,125.06147170410895,25240000
2021-06-14,125.16646575927734,125.225409117003,123.87370997063545,124.49037433618366,22550000
2021-06-15,124.85045623779295,125.67168026457448,124.46956531041737,125.33487404024432,22182000
2021-06-16,124.51712799072266,125.33636437243185,122.98508430888688,125.06295303488515,26316000
2021-06-17,125.18529510498048,126.00305013135494,124.33732395480337,124.34525209734188,25756000
2021-06-18,124.38932800292967,125.2031227288176,123.43387724833232,124.52603366623312,53306000
2021-06-21,125.2685089111328,125.84479948110253,123.96014619156536,124.56021363178104,26256000
2021-06-22,125.8078842163086,126.0758463473817,124.84401411442884,125.2635405545286,20984000
2021-06-23,125.27494049072266,126.596914745106,125.06740304095923,125.36261108130006,19694000
2021-06-24,126.08773803710938,126.33886137539896,125.76876068457943,125.8613816407518,18934000
2021-06-25,125.8034439086914,126.30865327872074,125.25761130968938,125.76579845687505,33484000
2021-06-28,125.6295928955078,126.14223159807668,124.79182475942508,125.80839556730564,28110000
2021-06-29,124.83609008789062,125.80837956259354,124.26004143170448,125.58301325132189,20950000
2021-06-30,124.14019012451172,124.61965001051576,123.58692822733424,124.47457029659006,24006000
2021-07-01,125.18280792236328,125.2759276914786,123.67830504445452,123.67830504445452,17120000
2021-07-02,127.5112533569336,127.63905591850656,125.57955278257305,125.64939450176264,21160000
2021-07-06,128.55337524414062,128.66582032825923,127.2041551596633,128.23488916773533,21350000
2021-07-07,128.85699462890625,129.41411093577634,128.542468864103,129.11802622408055,16680000
2021-07-08,127.9649429321289,128.81241510828173,126.83860274010472,127.04663897526314,19780000
2021-07-09,128.35873413085938,128.63116295629254,127.73365788283527,127.7346555137779,15106000
2021-07-12,129.3389434814453,129.54301945843991,128.38399911268667,128.61529832015066,16944000
2021-07-13,129.76541137695312,130.80308349697663,129.411252426755,129.6534651035785,16618000
2021-07-14,130.8432159423828,131.74814280530464,130.66043785718645,130.6639144499416,17912000
2021-07-15,130.03485107421875,131.35089246977634,129.37263579208036,131.25678262392853,16586000
2021-07-16,130.60841369628906,130.94274092672435,129.5940197136829,130.40583418899664,14856000
2021-07-19,128.04124450683594,130.01554100914225,127.33097662885386,129.92490775037146,25710000
2021-07-20,129.8714141845703,130.7628125437272,127.97626306071471,128.7842080803053,19084000
2021-07-21,131.3563232421875,131.3729201908231,129.37608658193662,129.5598471507554,14742000
2021-07-22,132.07749938964844,132.25184292167253,131.1576989503214,131.4053532271276,13608000
2021-07-23,136.52291870117188,137.50611430765082,133.43665643129634,133.9909009282256,26378000
2021-07-26,138.33424377441406,138.40209778737722,136.3594486357233,136.95282736882226,23052000
2021-07-27,135.5129852294922,138.69733280710918,133.83241528452226,138.69733280710918,42164000
2021-07-28,135.10186767578125,138.3654509082306,135.07066903658412,137.26190485597024,54688000
2021-07-29,135.25938415527344,135.86465897001847,134.86066430253152,135.10098756201836,19284000
2021-07-30,133.95225524902344,134.49744544730632,133.54927280790605,134.23954273123937,23954000
2021-08-02,134.7135467529297,134.7442465765262,133.40592472452747,134.2132802035701,20140000
2021-08-03,135.00131225585938,135.056287762376,132.9244866596653,134.72394064613158,19064000
2021-08-04,134.75218200683594,135.2568925473739,134.14442828705728,134.971101526411,16528000
2021-08-05,135.65513610839844,135.6650368398209,134.32771254800318,134.75218940266873,11866000
2021-08-06,135.75022888183594,135.79386767832747,134.77001112122562,135.01618411729797,13560000
2021-08-09,136.70716857910156,137.02367455751664,135.14868763929985,135.66405472149395,12374000
2021-08-10,136.80079650878906,137.2515292532238,135.93896418186026,136.78395770543213,16034000
2021-08-11,136.39759826660156,137.5449796544486,136.06129083121075,136.98553543262972,15204000
2021-08-12,137.09100341796875,137.11923939170495,135.49562555501967,136.42085251026256,14646000
2021-08-13,137.10740661621094,137.37288230181244,136.71016804548796,137.05935405090165,12580000
2021-08-16,137.61257934570312,137.68637379717063,134.88814019525182,136.70517362754543,18040000
2021-08-17,136.0122528076172,137.4169473688416,135.50406566516196,136.8943852718214,21272000
2021-08-18,135.28860473632812,136.99642790348915,135.14100071073753,135.82897302212822,14934000
2021-08-19,135.62887573242188,136.1623210773477,134.08599416921112,134.19644400444878,18296000
2021-08-20,137.1380615234375,137.31390150743573,135.1865445481023,135.79676204608288,15564000
2021-08-23,139.7755889892578,140.84297837821703,137.44610593152376,137.69430438463868,21090000
2021-08-24,141.06240844726562,141.66570305665016,140.02721523911524,140.21543493434615,15126000
2021-08-25,141.60870361328125,141.96830413069884,141.10299554641605,141.54233094106684,12838000
2021-08-26,140.7895050048828,141.79180668935538,140.75830636402333,141.28035455169965,14922000
2021-08-27,143.19419860839844,143.65037280898562,140.68743982741907,140.7790706966977,24562000
2021-08-30,144.10458374023438,145.1150174974122,143.243250445019,143.34676220125567,16916000
2021-08-31,144.09716796875,144.7410631170688,143.6394972494487,144.515704349843,26756000
2021-09-01,144.47361755371094,145.44293703848766,144.2482587469909,144.2834176835011,15824000
2021-09-02,142.86581420898438,144.95205678493286,142.75438186800312,144.5800765245954,21844000
2021-09-03,143.4165802001953,144.01293663399647,142.15850740509046,142.79348424008705,19104000
2021-09-07,144.1536102294922,144.45575631189558,143.18478982799314,143.39132962838138,15170000
2021-09-08,143.52407836914062,144.18531108146053,142.84698937346894,144.02928767177792,15486000
2021-09-09,143.55380249023438,144.30270582289825,143.07880928555926,143.5240851837046,14798000
2021-09-10,140.58938598632812,144.64892720845302,140.4115658492405,144.078826537729,32896000
2021-09-13,142.11891174316406,142.83809786963934,140.94751158642836,141.85739638609164,20176000
2021-09-14,142.06045532226562,143.36954349066465,141.56464790916414,142.808361026142,18916000
2021-09-15,143.84356689453125,144.21554719108886,140.92124893306266,142.41015263460363,20648000
2021-09-16,143.01889038085938,143.8376279554503,142.07071774947488,143.75937438905768,20292000
2021-09-17,140.1361846923828,142.89603988413543,139.7379485757569,142.4492675126516,60040000
2021-09-20,137.712646484375,138.0549094850129,135.76706959080494,137.69600418592947,34918000
2021-09-21,138.3362274169922,139.4903956381478,137.60218271643484,138.80231753563817,18130000
2021-09-22,139.61610412597656,140.25504131325468,138.16311531293871,138.7364356009981,22068000
2021-09-23,140.4957733154297,140.917725803417,139.77261189933478,140.2807989903659,17272000
2021-09-24,141.29469299316406,141.5626626740727,139.5289166966622,139.62352535149114,14950000
2021-09-27,140.17330932617188,141.1629287392663,139.1816946516977,140.25700449480337,18844000
2021-09-28,134.90623474121094,138.29662312230076,134.42676725190805,137.7834780300292,42190000
2021-09-29,133.25881958007812,136.10932314320485,132.99036617419665,135.82322980913284,26338000
2021-09-30,132.0150909423828,134.31777394685707,131.7520791903718,133.0646438734681,35294000
2021-10-01,135.1820831298828,135.78487884912897,132.12603776952395,132.3013789351313,28388000
2021-10-04,132.50991821289062,134.42676020744338,129.93580371692528,134.4262613919857,31530000
2021-10-05,134.89927673339844,136.07315566517406,132.74270121248304,132.74270121248304,24126000
2021-10-06,136.0652313232422,136.55855975020927,133.2246287973424,133.3623320779647,19764000
2021-10-07,137.87954711914062,138.83940400503155,137.26289034969125,137.5600785236334,18250000
2021-10-08,138.74188232421875,139.00043498544846,138.1211140873651,138.59329579046323,18924000
2021-10-11,137.5447235107422,139.44289756014797,137.50410784329708,138.48828577681047,16584000
2021-10-12,135.43026733398438,138.38429806885048,134.9716140400104,138.3273272925598,22536000
2021-10-13,136.6061248779297,137.2500352170682,135.6912972635411,136.4575383234629,16380000
2021-10-14,140.08517456054688,140.32242933597547,138.03162685599608,138.63886666825994,21426000
2021-10-15,140.34567260742188,140.86574050881427,139.74089679114823,140.86574050881427,21250000
2021-10-18,141.619140625,141.6570354856842,139.8885381141932,139.8885381141932,16564000
2021-10-19,142.4725341796875,142.7548485563148,141.7533331281306,141.9470095273235,15316000
2021-10-20,141.07875061035156,142.8943179395068,140.5804793182386,142.8693015886863,17940000
2021-10-21,141.44082641601562,141.50917924707886,140.30804678029924,140.85784720583283,14850000
2021-10-22,137.3243408203125,140.2303192191182,135.88348946566512,139.0341444436202,30182000
2021-10-25,137.47093200683594,137.8996714719555,135.4654368011644,137.50808620248054,21082000
2021-10-26,138.36148071289062,139.5180220452735,137.7012304887655,139.28672284816815,28258000
2021-10-27,145.05360412597656,147.71885048713247,138.58981788759397,138.58981788759397,51850000
2021-10-28,144.7578887939453,146.0412349821857,143.40520726654378,145.9169090252203,32418000
2021-10-29,146.87928771972656,147.2185879883208,143.8044234377183,144.154606950995,28954000
2021-11-01,142.4250030517578,147.00710653567856,142.2323242527015,146.7747945828507,32272000
2021-11-02,144.49440002441406,145.5419728535851,143.2838657114717,143.45068167797768,21150000
2021-11-03,145.41268920898438,145.5320723646248,143.6924864663471,144.90252196588224,17886000
2021-11-04,147.28794860839844,148.54305901684705,145.2591602951634,145.81886148026874,24700000
2021-11-05,147.8406982421875,149.1579790764332,147.2572202397007,147.9521456998268,20408000
2021-11-08,147.95016479492188,149.61737219654893,147.7208306271976,148.59257859193494,18388000
2021-11-09,147.84812927246094,148.9675163806509,146.12296864799498,148.3409588893055,16876000
2021-11-10,145.25022888183594,147.3047586958062,143.96142600716206,146.62098863330846,22708000
2021-11-11,145.37109375,147.10887598961548,145.31809839022327,145.72671891527872,12464000
2021-11-12,148.24139404296875,148.4533905911516,145.07984152782964,146.4444190952987,17048000
2021-11-15,147.986328125,149.0651147691525,147.25772503652405,148.5925853896901,16248000
2021-11-16,147.67727661132812,148.42667888125527,146.95809046826338,147.77088765367873,17254000
2021-11-17,147.6633758544922,148.22209446931134,147.1690648910472,147.82881630140386,15290000
2021-11-18,149.29490661621094,150.18745355756064,147.6004610875163,147.74656863959405,26658000
2021-11-19,148.54551696777344,150.42521965301378,148.48112443479025,149.5831890327412,19766000
2021-11-22,145.698486328125,149.33008904871167,145.6261580976282,148.7329919199584,24608000
2021-11-23,145.38002014160156,146.30822500208,143.53003455902797,145.73268266541518,18126000
2021-11-24,145.34088134765625,145.62073192267556,143.83663538116485,144.9768367733468,16464000
2021-11-26,141.46609497070312,143.93372002329642,141.14860647695323,143.654867055638,16992000
2021-11-29,144.74302673339844,145.48400941946477,142.94455544617747,142.94455544617747,26276000
2021-11-30,141.1154022216797,145.2527135308385,140.7330223970187,144.0855307454944,41590000
2021-12-01,140.28921508789062,145.12456526370323,140.17232601345728,142.85936897294505,28476000
2021-12-02,142.427490234375,143.31755841186913,139.6592004426752,140.49331059433746,21250000
2021-12-03,141.18325805664062,143.85049983273555,139.82561844901312,143.1397331668498,26688000
2021-12-06,142.44729614257812,142.9970966118126,139.32735646610536,142.22689527814825,22198000
2021-12-07,146.6475067138672,146.90853834469573,144.33540646005036,144.58058180616413,23258000
2021-12-08,147.3251190185547,147.75701768232938,145.8188775301629,146.9397613545267,18964000
2021-12-09,146.71632385253906,148.2012517185459,146.14474195627506,146.78565918226252,18580000
2021-12-10,147.28001403808594,147.99820243288718,145.97487105067788,147.70102936779358,21634000
2021-12-13,145.32801818847656,147.16858687793737,144.98675281635332,147.05119896634997,24104000
2021-12-14,143.61026000976562,144.07733258325894,140.90784460824932,143.4116407989015,24778000
2021-12-15,145.98577880859375,146.1331258698855,141.3665361076919,143.01144807977755,27280000
2021-12-16,143.47952270507812,147.1576821475303,142.7405200332821,146.68763170603222,27400000
2021-12-17,141.4630889892578,143.10464505224297,140.45761322725312,141.3754184076251,43404000
2021-12-20,141.06539916992188,141.27243783055192,138.93408149543126,139.35964668863988,20264000
2021-12-21,142.86732482910156,143.33444283981544,140.40514145644568,141.80685826347187,19548000
2021-12-22,145.57025146484375,145.92091880268703,142.61226008547865,142.7479832643439,18438000
2021-12-23,145.76190185546875,147.17858308976912,145.57204967080958,145.70939019229152,13818000
2021-12-27,146.6747283935547,147.0338301220246,145.86837065449018,146.07986837662474,13256000
2021-12-28,145.07391357421875,146.98233614064702,144.56622525503434,146.98233614064702,18624000
2021-12-29,145.1298828125,145.8027546057816,144.13926558584603,145.05558954362482,17022000
2021-12-30,144.6326141357422,145.68266612329936,144.3909002339021,145.0759099645999,12978000
2021-12-31,143.32200622558594,144.99169261248937,143.32002607950102,144.17839673387755,17298000
2022-01-03,143.71327209472656,144.1843200727854,142.15603098201035,143.11989342686158,25214000
2022-01-04,143.06146240234375,145.23437780865493,142.46673841980902,144.18482488637005,22928000
2022-01-05,136.36192321777344,142.9440796917995,136.233138149411,142.82817313027329,49642000
2022-01-06,136.26039123535156,138.3753687840335,135.48028920340528,136.2073958716746,29050000
2022-01-07,135.71902465820312,136.95753809161016,134.51492949134396,136.61107296752402,19408000
2022-01-10,137.27378845214844,137.3391635017329,131.8912678957252,133.83138774873436,34096000
2022-01-11,138.7037353515625,139.0128043882695,135.52980327738888,136.88396612726763,23502000
2022-01-12,140.3189239501953,141.4742408,139.78795766666107,140.22631056393362,23642000
2022-01-13,137.82554626464844,141.84200770204583,137.61058706723003,140.50962647599684,26566000
2022-01-14,138.47491455078125,139.8756487660797,136.20986922020276,136.20986922020276,23826000
2022-01-18,135.01170349121094,136.10237091725867,134.3445303382639,135.31830868932545,27382000
2022-01-19,134.37921142578125,137.10094516641507,134.22864473010338,135.6536547359598,20796000
2022-01-20,132.25384521484375,136.61801190912172,131.89524224567631,135.2331339192317,21930000
2022-01-21,128.87136840820312,133.49606759994563,128.78123397248427,131.7639688260025,41920000
2022-01-24,129.14874267578125,129.55143788816514,123.4724648733246,124.84500844789363,55148000
2022-01-25,125.5463638305664,128.12494483906062,125.1922199922635,127.2304176203604,36008000
2022-01-26,128.02740478515625,131.56142226232086,125.9604794183028,129.36720823651163,39630000
2022-01-27,127.90946197509766,131.36567782708974,127.73511845902571,130.12843441825336,30248000
2022-01-28,132.03887939453125,132.11911310155227,127.48699204244063,128.78023907929023,30518000
2022-01-31,134.42527770996094,134.5689214449082,131.032909389773,132.93885300581383,34056000
2022-02-01,136.58480834960938,136.90329444074436,133.30562597605334,136.541728835621,51204000
2022-02-02,146.6475067138672,150.6728868447041,144.19176272921686,150.43859474453373,89750000
2022-02-03,141.31202697753906,147.71855488765758,140.8707113975048,143.93171471475435,56930000
2022-02-04,141.67410278320312,143.1790892394611,138.50561238997835,141.67508529834055,49224000
2022-02-07,137.63436889648438,142.49680627757638,137.3976129699976,142.36059944277,44610000
2022-02-08,137.9067840576172,138.5250279606988,135.58874353261348,137.68712389283925,34256000
2022-02-09,140.1257781982422,140.8415027555673,139.0598700966816,139.5281822030184,28628000
2022-02-10,137.30201721191406,140.10398444051702,136.7547108693581,138.19110282180137,33018000
2022-02-11,132.87147521972656,137.97636681732862,132.03786404513627,137.4481213420089,38808000
2022-02-14,134.03053283691406,134.88890363227023,132.05127824845664,132.1141743493156,26792000
2022-02-15,135.14544677734375,136.60609919152725,134.2677584087954,136.18162240231558,26578000
2022-02-16,136.19749450683594,136.65168865411354,133.55863981289852,135.1504052839188,25610000
2022-02-17,131.0670928955078,135.55557062818025,130.96158586360588,134.87254107939052,30968000
2022-02-18,129.24337768554688,132.56839136062248,129.08443691675166,131.7892717232682,31858000
2022-02-22,128.18832397460938,130.66314351178727,126.54241465193476,128.76536266016797,38906000
2022-02-23,126.38790893554688,130.51283331897295,126.30717640583497,129.84863783347,26432000
2022-02-24,131.42861938476562,131.78871870742563,123.59384033641888,123.82712719769889,43166000
2022-02-25,133.25735473632812,134.11870331591186,130.52869784601015,132.2726778003492,26236000
2022-02-28,133.62535095214844,134.3678150357132,131.5789833531118,132.03391813441942,29676000
2022-03-01,132.90914916992188,134.83391192772,132.12705180663707,133.21821827927585,24640000
2022-03-02,133.48716735839844,134.34305916468776,132.1805428503494,133.34526190871466,23966000
2022-03-03,133.0478057861328,135.4310399313015,132.17903564086734,134.70263341489962,19780000
2022-03-04,130.88233947753906,132.93986271587173,129.18491568239068,132.13102582694967,24446000
2022-03-07,125.27791595458984,130.6663849691592,125.22393051883888,130.6663849691592,39178000
2022-03-08,126.0842742919922,130.01504562719143,124.6798216821228,125.06591993441948,35250000
2022-03-09,132.60997009277344,132.9393545706195,128.86741813130783,130.16710449534062,32258000
2022-03-10,131.4370880126953,132.2855428809483,130.1681014794147,130.22901742816066,24266000
2022-03-11,129.25128173828125,132.94083840512357,129.0739603954156,132.74221915311998,26600000
2022-03-14,125.55181121826172,129.79660952547343,125.22689343399742,129.34785703405717,30254000
2022-03-15,128.4439239501953,129.29262057368442,125.38043402142176,126.5429233240446,30292000
2022-03-16,132.4361114501953,132.5158463379165,127.98873370519335,129.77085001371336,32058000
2022-03-17,133.3375701904297,133.47527348407536,131.47372361235347,132.07008014848992,23994000
2022-03-18,135.51791381835938,135.6288624581979,131.6847290056504,132.62779244427762,45900000
2022-03-21,135.19793701171875,136.29158216591793,133.34845052223406,135.56347798866477,26632000
2022-03-22,138.9613037109375,140.17233689240317,135.21925078313097,135.21925078313097,29776000
2022-03-23,137.20391845703125,138.711141887011,136.87009007506398,137.8329699374003,25302000
2022-03-24,139.986083984375,140.06979427567927,136.74419209074932,137.96573051096806,20544000
2022-03-25,140.19366455078125,140.627558492855,138.38875342236466,140.42398128986426,19270000
2022-03-28,140.61813354492188,140.64438937961825,138.516200553919,139.36450435299471,23774000
2022-03-29,141.90591430664062,142.8098585504785,141.14709512024376,141.81726120155872,28678000
2022-03-30,141.30609130859375,142.13424580972125,140.83406077706843,141.52946991737053,21046000
2022-03-31,138.3391876220703,141.30608098569843,138.30897150308778,141.11192088148096,29516000
2022-04-01,139.37982177734375,139.62747605026567,137.49467757278688,138.69629356558045,23480000
2022-04-04,142.2947540283203,142.69223440166004,139.50318600167162,139.50318600167162,19076000
2022-04-05,139.73944091796875,142.24272350740603,139.62105538795242,142.05402011660885,19256000
2022-04-06,135.88890075683594,138.5363258442118,135.13812307739963,137.8557753305864,23574000
2022-04-07,135.1845703125,136.409479584938,133.59191315407128,135.33613462064372,19448000
2022-04-08,132.75311279296875,134.9716020883319,132.49753789240458,134.9716020883319,16434000
2022-04-11,128.57862854003906,131.69184115492027,128.4013072291769,131.65300913313143,24188000
2022-04-12,127.16999053955078,131.18099579068945,126.37898260567084,131.18099579068945,23004000
2022-04-13,129.06353759765625,129.42981924510642,127.2334746503783,127.41960836640264,19542000
2022-04-14,126.05901336669922,129.48382728119424,125.91884622772676,129.42365200024423,23484000
2022-04-18,126.76036834716795,127.50432889133236,125.39079499910768,126.2145433390454,14918000
2022-04-19,129.30625915527344,129.675503492585,126.25564763203316,126.8752746378152,22720000
2022-04-20,127.04219818115234,130.6856821154076,126.69404768511336,130.05218652053102,22610000
2022-04-21,123.7652359008789,129.08484540535338,123.48043496864686,128.1363403236157,30158000
2022-04-22,118.4916763305664,124.27490417901596,118.02262359169654,123.82714178794984,46410000
2022-04-25,122.09355926513672,122.12129642339576,117.65485060500484,118.30890337768498,34522000
2022-04-26,118.38469696044922,121.59826245268576,118.04377928862618,121.59826245268576,49394000
2022-04-27,113.94127655029295,116.3975115161767,112.0628209540322,113.29985287249194,62238000
2022-04-28,118.29108428955078,119.30844857270851,114.06352534176813,116.01613075098064,36790000
2022-04-29,113.8877944946289,117.84382413948796,113.6178522078442,116.47479494413378,33694000
2022-05-02,116.0577392578125,116.23852962113664,112.33549535880216,112.83774203763424,30280000
2022-05-03,117.0211181640625,118.18063731246596,115.532713373227,115.66941903322127,21216000
2022-05-04,121.42491149902344,121.98758290668432,114.65256188684724,116.89630944777548,33232000
2022-05-05,115.65109252929688,120.0957497052154,114.10177177724174,119.09249581776976,43090000
2022-05-06,114.57479095458984,116.39603411777144,113.07201877142754,114.4351075179598,35310000
2022-05-09,112.02294921875,114.4785871892882,111.49544437811008,112.24038738519522,34520000
2022-05-10,113.50938415527344,115.59611809931322,112.3194523577725,114.95171656702033,31158000
2022-05-11,112.89173889160156,115.57631092039426,112.58365986791192,112.6435933040638,36502000
2022-05-12,112.0992431640625,113.77883037991278,109.08033645092638,110.88771867484397,41464000
2022-05-13,115.4222640991211,116.97703402351036,112.93036356921723,113.76792759061917,29738000
2022-05-16,113.71542358398438,115.51338858879738,113.26221200123308,114.30137296862108,23282000
2022-05-17,115.60652160644533,116.1275872593614,114.25532121830938,116.1275872593614,21576000
2022-05-18,111.34636688232422,114.61010114235796,111.0897943625259,114.1562546767668,27982000
2022-05-19,109.7063980102539,112.5217349913052,109.4315053594452,110.79162389086598,29192000
2022-05-20,108.287353515625,111.49398126441795,105.37493620570496,111.03383910068231,37586000
2022-05-23,110.61875915527344,110.95458288239678,108.13008570733248,109.07091967841204,31558000
2022-05-24,104.93212890625,105.39672260805806,101.24901154668284,105.37939254952336,60386000
2022-05-25,104.846435546875,105.54501902966742,103.23346287798768,104.1554778942511,37900000
2022-05-26,107.27987670898438,107.93294701595477,104.49822497330048,105.05544714194198,30288000
2022-05-27,111.74063110351562,111.80897637312876,108.5221153343495,108.758372453459,29924000
2022-05-31,112.968994140625,115.34102770577404,111.5162547099626,112.01800255392446,51302000
2022-06-01,113.06607818603516,116.29747257179136,112.48507913325244,113.85312580108882,28630000
2022-06-02,116.6412124633789,116.79178669773154,112.2448499188598,113.1165978728411,27472000
2022-06-03,113.48906707763672,115.27267224316014,112.60147041565558,114.9041610278134,25052000
2022-06-06,115.9126205444336,118.278215077218,115.43494427844136,115.64713735225112,23786000
2022-06-07,116.12955474853516,116.64383343201604,114.0452999218453,114.56289648355632,26414000
2022-06-08,116.13796997070312,117.53276360475454,115.60179633331214,115.77986586900371,22544000
2022-06-09,113.8397445678711,117.239541949657,113.78922061263992,115.249888186568,23142000
2022-06-10,110.38200378417967,112.43208997399957,109.82082127713277,111.72305403020536,31324000
2022-06-13,105.87371063232422,108.19373158477798,105.58796494978074,106.43786336384818,36756000
2022-06-14,106.1882095336914,107.43985067077575,105.3541070947416,105.88706108917292,25480000
2022-06-15,109.35472869873048,111.01153653671948,107.10429272968082,107.87771358605562,33192000
2022-06-16,105.63545989990234,108.26504860566934,104.79987602463753,107.13475550155768,35314000
2022-06-17,106.85342407226562,108.22443341931664,104.6374591622363,105.5354100866007,43516000
2022-06-21,110.9639892578125,111.6158125583738,108.26802783176088,108.672695638381,39010000
2022-06-22,110.9828109741211,112.70203134422168,109.68539953364689,110.11998871985342,23922000
2022-06-23,111.627197265625,112.13439426244608,109.9872283145126,111.89020145719957,24710000
2022-06-24,117.42578125,117.52434264100104,112.5370803285596,112.5370803285596,39122000
2022-06-27,115.52825927734376,118.13110855306024,114.91234311530968,117.81906169687376,32840000
2022-06-28,111.51526641845705,116.75067437294597,111.388960307379,115.25929939730467,28232000
2022-06-29,111.2032241821289,112.598010411029,110.5073161772919,111.09623582751138,18628000
2022-06-30,108.34629821777344,110.28523949064667,106.30314984809812,109.46272292950884,38046000
2022-07-01,108.0575180053711,108.77606163596047,106.1000604387077,107.32049553034858,31028000
2022-07-05,112.81842803955078,112.9824703022841,105.25258424049078,106.5057220178242,36398000
2022-07-06,114.1324691772461,115.26028322731334,111.19727312183709,113.02149392566136,28852000
2022-07-07,118.18656158447266,118.737344441339,114.44995079949352,114.91950988772898,32184000
2022-07-08,119.04098510742188,119.30497938995858,116.41138892313104,116.44705422571596,29082000
2022-07-11,115.42920684814452,117.67989256439688,115.14390706203991,117.53674763476108,26718000
2022-07-12,113.77190399169922,116.74375588793582,113.53959957953232,115.74224022687956,24970000
2022-07-13,111.1343765258789,114.07651103664408,110.77379341044492,111.58213897974365,38958000
2022-07-14,110.39439392089844,110.93675749526088,108.29973171302092,109.78614891516956,32366000
2022-07-15,111.70892333984376,112.93085480375356,110.77328924344448,111.90308345629649,34330000
2022-07-18,108.87873077392578,113.72284786327624,108.27445372894836,112.37560798179952,33354000
2022-07-19,113.54454803466795,113.73276016642389,109.46320238336368,110.68166488465091,30992300
2022-07-20,113.62378692626952,115.23849775818908,112.19730333386993,112.9897925390232,26780100
2022-07-21,113.96060943603516,114.12901255479244,110.85998016192252,114.01013576388796,27267800
2022-07-22,107.34327697753906,112.11805142714113,106.5904058133328,110.76090318555744,44455300
2022-07-25,107.19468688964844,109.54245238726337,106.00594926628943,107.85839860339372,28289900
2022-07-26,104.45068359375,106.72909869775042,103.77706357217386,106.422009773644,36626600
2022-07-27,112.53410339355467,113.32660011319312,107.40270640630833,108.57163491098017,41474600
2022-07-28,113.51483154296876,113.6238000494068,110.80153235984363,111.74163324615353,23303800
2022-07-29,115.54559326171876,115.8031558580602,112.16759243282718,112.3359955482848,31336200
2022-08-01,114.39649200439452,116.02110381259868,113.61390341078966,114.44601833595308,22856200
2022-08-02,114.8125457763672,115.98147448448177,113.1879340203856,113.35633714633012,17911000
2022-08-03,117.66551208496094,118.29950650061144,115.06019151932875,115.24840365166246,25302800
2022-08-04,117.75466918945312,118.37875530413632,116.60554961063517,117.19001768822277,15757700
2022-08-05,117.11076354980467,117.74475793670383,115.6149295004914,115.83286648807722,15615700
2022-08-08,117.03152465820312,119.72600486453156,116.72443572041762,118.0023329164106,17061100
2022-08-09,116.39752197265624,117.090950995327,115.46633937837596,116.88292228852578,15424300
2022-08-10,119.5179672241211,120.6373619442976,118.2400701234898,118.46790784813172,20497000
2022-08-11,118.69576263427734,121.19211486384178,118.42829929310652,120.93455981169512,16671600
2022-08-12,121.49920654296876,121.49920654296876,119.27031774296331,120.02318896492967,16121100
2022-08-15,121.72704315185548,122.1034825382646,120.42933699212222,121.06333141808425,15525000
2022-08-16,121.36051940917967,122.07177732269624,120.39466911794456,121.17229971628936,15626200
2022-08-17,119.19105529785156,121.00388649793167,119.07217851892842,119.79533236454492,17589200
2022-08-18,119.72599792480467,120.54821203204116,118.42829178390086,119.10191179643763,15652000
2022-08-19,117.01171875,118.87407656199288,116.56593642820638,118.74529903319574,20187000
2022-08-22,113.99031829833984,115.40690116429984,113.5940699158276,115.0106527817876,19316000
2022-08-23,113.69313049316406,114.84225005042003,113.22754676683722,113.24735578501333,14390700
2022-08-24,113.62378692626952,114.63125045789964,112.71242093932908,113.37613263256988,16051200
2022-08-25,116.59564208984376,116.67489328017544,113.97051254093957,114.06957274994944,14874700
2022-08-26,110.25569915771484,115.50596586753343,110.176447966565,114.72337736000036,31698700
2022-08-29,109.3047103881836,110.90951315164358,108.77968442298658,109.74058442320464,20386100
2022-08-30,108.87873077392578,110.32503085537395,107.77914517128218,109.98821710610038,20548200
2022-08-31,108.1258773803711,110.7212898111352,108.02681716415591,110.58260399687192,25898000
2022-09-01,109.5127410888672,110.17645283902762,107.17488375122429,108.17540174195211,22784400
2022-09-02,107.6602783203125,110.62717957502078,107.11543583353485,110.29531615992288,20618100
2022-09-06,106.47154235839844,107.85840042311229,105.51064244369697,107.12039542963448,20565100
2022-09-07,109.44339752197266,109.94860687977236,106.6052736482978,106.74891738246802,22987200
2022-09-08,108.39334869384766,109.5424684483465,107.0461084923438,108.1556026458795,21660700
2022-09-09,110.73118591308594,110.94912289945935,108.967888561969,109.01742244352997,21732900
2022-09-12,110.8203582763672,111.58313025957273,109.88917561095438,110.93922751344282,19732900
2022-09-13,104.32191467285156,108.34382640594214,104.01482570118564,107.8683267344428,33015000
2022-09-14,104.87664794921876,105.10448567776474,103.51949963510496,104.45068224170927,22115800
2022-09-15,102.92513275146484,105.2134561574525,102.3406646497816,104.02471849253132,26494900
2022-09-16,102.6576690673828,103.05391750276304,100.89932938918788,102.00386557314415,64540100
2022-09-19,102.8755874633789,103.04399056164478,101.40947834300358,101.57788144126944,19738600
2022-09-20,100.87456512451172,102.20198872681526,100.17122772298828,101.91470879247856,24001700
2022-09-21,99.0716323852539,102.51897615144412,99.05181580806112,101.28070460023592,26596800
2022-09-22,99.6263656616211,100.72595129378848,98.4772537070426,98.51687174184788,21272700
2022-09-23,98.2395248413086,99.17070760725058,97.0904125979306,99.1211737145814,25657000
2022-09-26,97.88287353515624,99.49758425014652,97.45690787852682,97.68475313766712,22437900
2022-09-27,97.1696319580078,99.517397308427,96.42666910053696,98.97256241430044,24225000
2022-09-28,99.79478454589844,100.44859559073068,96.88237482729264,97.10030428442651,24617000
2022-09-29,97.1696319580078,98.36828535226608,95.61436334534784,98.36828535226608,21921500
2022-09-30,95.2478485107422,98.56047429291388,95.128971721913,96.8130255535162,26277800
2022-10-03,98.3682861328125,99.03199781021216,96.10967267961954,96.30780064453596,24840000
2022-10-04,101.44910430908205,101.75619320208804,100.09195611484608,100.09195611484608,22580900
2022-10-05,101.2608871459961,101.77600474295402,98.80415326760438,99.74524410281724,18475500
2022-10-06,101.28069305419922,102.75671801659504,100.54763849563918,100.54763849563918,17156200
2022-10-07,98.6357421875,100.46838227085796,98.27911943467473,99.7056104459758,24249900
2022-10-10,97.78382873535156,99.05181761770496,96.95171386548589,98.91313180606068,16529900
2022-10-11,97.1300277709961,99.18060524765458,96.33753092025046,97.32814820477746,21617700
2022-10-12,97.37767028808594,98.71302180252074,96.7535766374876,97.34794542459288,17343400
2022-10-13,98.7744369506836,99.58674272643007,94.37609430464644,95.0299052635154,32812200
2022-10-14,96.26817321777344,100.33961023608973,96.1195791363689,99.68084893618308,22624800
2022-10-17,99.83440399169922,100.81511294069348,98.57632342543867,98.58622415619124,23311600
2022-10-18,100.43869018554688,103.24213903498884,99.7056354797126,102.96476739266294,21610500
2022-10-19,99.34901428222656,100.70516513258262,98.700161131512,99.7551634629824,21573700
2022-10-20,99.58676147460938,102.03358755035796,99.03201817438838,99.87404141445542,25125100
2022-10-21,100.52783203125,100.666517828072,97.30832628337951,97.53616399624036,28988700
2022-10-24,102.00385284423828,102.13263035759752,99.3589067716852,101.1321048836238,24680800
2022-10-25,103.94547271728516,104.11387584299467,102.05339006244586,102.33076925267407,29910200
2022-10-26,93.9303207397461,97.61541785994748,93.68266644465524,95.85212048815008,71504300
2022-10-27,91.7311553955078,94.27704141340244,91.03772634698002,93.42510997789124,54036500
2022-10-28,95.67379760742188,95.95116917537476,91.45673702821324,91.66179548548024,35696900
2022-10-31,93.7718276977539,95.4459656249796,93.49444853343653,94.88131412378571,29868700
2022-11-01,89.6508560180664,95.2627033265764,89.58151311682889,94.69309390558814,43220600
2022-11-02,86.25304412841797,90.4433584443446,86.19360951159102,90.05701831934972,43553600
2022-11-03,82.70662689208984,85.73792062602622,82.66700129764128,85.5348422886558,48510400
2022-11-04,85.88651275634766,85.91623762247869,83.09297240700943,84.70768336535188,40173300
2022-11-07,87.81820678710938,88.10548665095457,86.14406148180096,86.52049325624883,26899900
2022-11-08,88.0757827758789,89.55675071839312,86.82760293247763,88.32343708683416,30172000
2022-11-09,86.57994079589844,88.6503270206016,86.54031520279003,87.7141941121165,26743900
2022-11-10,93.28641510009766,93.66285445368575,90.79006321025057,91.47358390369648,42371200
2022-11-11,95.82241821289062,96.44650441360366,93.27653196231608,93.8213669622943,30569100
2022-11-14,95.12895965576172,96.26817084132912,94.2205639492681,94.60393379786068,24170100
2022-11-15,97.79373168945312,99.47777791487415,96.1096779062226,97.744197806078,31831000
2022-11-16,98.06118774414062,98.91311908196953,96.98339884434796,97.1002879172074,24660200
2022-11-17,97.5758056640625,98.54661395955776,96.18893990955944,96.26819110874484,21818700
2022-11-18,96.8823699951172,98.22961005865722,95.83231057165196,98.08101595971488,24969900
2022-11-21,94.93085479736328,97.79373810302006,94.77235240641552,96.64461844207868,18696900
2022-11-22,96.41677856445312,96.63272786428765,93.52417801408532,95.25775819813455,18868900
2022-11-23,97.89278411865234,98.13944832726328,96.42666744629246,96.42666744629246,17568900
2022-11-25,96.68424224853516,98.01167329579434,96.61489934323274,97.54112405501728,8567800
2022-11-28,95.34691619873048,96.91209336423086,94.99029336208962,96.2879996212042,19974500
2022-11-29,94.54450988769533,95.48559322349578,93.50435878365514,95.09925311235163,20220000
2022-11-30,100.49811553955078,100.49811553955078,93.78173189069354,94.2275141814484,39888100
2022-12-01,100.32970428466795,101.62741033967843,99.72542721527932,100.44858106412131,21771500
2022-12-02,99.88392639160156,100.20092356885752,98.2394983385927,98.4376262980082,18821500
2022-12-05,98.93294525146484,100.79530291873417,98.4227779838228,98.87846100162882,19955500
2022-12-06,96.39695739746094,99.26974879152498,95.85212247167208,98.73481459612192,20877600
2022-12-07,94.2572250366211,96.3969541892101,94.1333978906344,95.86202001161055,26647900
2022-12-08,93.06848907470705,94.9704799684865,92.91990253112344,94.79216855837625,25593200
2022-12-09,92.1967544555664,93.6034292480762,92.14722056602024,93.01896865204584,21885300
2022-12-12,92.68214416503906,92.99419100608851,91.0377235191202,92.21655286500004,27380900
2022-12-13,94.95066833496094,98.86361127229468,94.48507698666208,97.1498399882302,34788500
2022-12-14,94.4157257080078,96.30780824375802,93.05858494083736,94.64357099618772,26452900
2022-12-15,90.3442840576172,93.14773249910652,89.58151215221808,92.66233219567071,28298800
2022-12-16,90.00748443603516,90.88913318877286,89.16546128045319,90.344290675144,48485500
2022-12-19,88.31352233886719,90.34428300548257,88.09063498687162,90.02728581295771,23020500
2022-12-20,88.78901672363281,88.93761081487412,87.21393900677946,87.89746729180382,21976800
2022-12-21,89.4031982421875,90.06195955722492,88.07577488218483,88.8880806470037,20336400
2022-12-22,87.43187713623047,88.34324315623834,86.12426272036409,88.09558885355298,23656100
2022-12-23,88.96733856201172,89.25461849004179,86.79789178341471,86.79789178341471,17815000
2022-12-27,87.10497283935547,88.66024157927166,86.7136823611737,88.47202188814619,15470900
2022-12-28,85.64877319335938,87.6894424686677,85.55962126167017,86.67901612047137,17879600
2022-12-29,88.11539459228516,88.52650162637678,86.17378583844429,86.21341143233604,18280700
2022-12-30,87.89746856689453,87.99652877655595,86.21341477141225,86.54527063057324,19190300
2023-01-03,88.85835266113281,90.69100037979766,88.1847327170669,88.98713772375983,20738500
2023-01-04,87.87765502929688,90.38391545367004,86.97619726505098,90.15607771935056,27046500
2023-01-05,85.95586395263672,87.38235535212522,85.74783521651308,87.24366952804279,23136100
2023-01-06,87.33282470703125,87.63991365122003,84.76712197257632,86.54032784471222,26612600
2023-01-09,87.96680450439453,89.97775607675524,87.74886752570953,88.35809494680885,22996700
2023-01-10,88.4026870727539,88.63548274639936,85.88651818576389,85.9063347644373,22855600
2023-01-11,91.39434814453124,91.58256027972082,88.89798848194506,89.21498569458034,25998800
2023-01-12,91.04763793945312,91.75097530214175,89.72020685263328,91.53303829103623,22754200
2023-01-13,91.92927551269533,92.10758690388832,90.07681870184632,90.6692073405569,18630700
2023-01-17,91.29529571533205,92.09769332494623,89.98767359920465,91.9094736159018,22935800
2023-01-18,90.9188461303711,92.70988071205144,90.54241431218648,92.06796571926544,19641600
2023-01-19,93.0288543701172,93.51425462709403,90.52258678869464,90.53249507576194,28707700
2023-01-20,98.34847259521484,98.48715839603555,95.0100975297043,95.04971556610224,53704800
2023-01-23,100.26036834716795,100.44858803825156,97.82345088274757,98.19988270710516,31791800
2023-01-24,98.27913665771484,100.14149437054452,97.77391974304032,98.61595045343448,27391400
2023-01-25,95.82241821289062,96.80312725909984,94.36818966642984,96.28800201213404,31000900
2023-01-26,98.2296142578125,98.27914058770388,95.91156586552503,97.35786620425031,24542100
2023-01-27,99.76505279541016,100.62689244126406,98.04138106151149,98.12063224780336,29020400
2023-01-30,97.03093719482422,98.4762471105383,96.60497156026362,97.81848349489196,24365100
2023-01-31,98.93294525146484,98.97257084751011,96.87245960396923,96.94180250759602,22306800
2023-02-01,100.47830200195312,101.23117318342346,97.49654214036654,98.80415653038904,26392600
2023-02-02,107.7791519165039,107.7989609346144,105.54035497955408,105.7880092738863,46622600
2023-02-03,104.23274230957033,107.00646591669134,102.33075911192,102.53878781561836,36823400
2023-02-06,102.49915313720705,103.71760794485915,101.25097346782424,101.7215150814754,25573000
2023-02-07,107.02628326416016,107.6503693797524,102.5764264455838,102.65765778158604,33738800
2023-02-08,99.06172943115234,102.60814115866204,97.53122752531549,101.7264923713496,73546000
2023-02-09,94.56432342529295,99.66600386322186,92.97933730924582,99.59666095682636,97798600
2023-02-10,93.9699478149414,96.10967702818944,93.64304232639496,94.8416882265892,49325300
2023-02-13,94.10863494873048,94.45534946066388,93.16755162236696,94.118543237017,43116600
2023-02-14,94.0591049194336,94.28199984706193,91.7806897777858,93.77183256763809,42513100
2023-02-15,96.18893432617188,96.4266803521175,93.47464515301374,93.85107699057848,36964500
2023-02-16,94.88131713867188,96.96161181139304,94.07891960037608,94.64357111951196,35642100
2023-02-17,93.70247650146484,94.8515960711722,92.57317350795762,94.177976078746,31095100
2023-02-21,91.18630981445312,92.53850008034338,91.13677593484324,92.36513905951767,28367200
2023-02-22,90.93866729736328,91.49341054328214,90.01739294521383,91.07140511245964,29891100
2023-02-23,90.21550750732422,91.26555931390718,89.16545570074126,91.26555931390718,32423700
2023-02-24,88.51165008544922,89.28433033390158,88.0262497474386,88.78902170716957,31295600
2023-02-27,89.2546157836914,89.601330321556,88.76921543068096,89.24470749466381,22724300
2023-02-28,89.45274353027344,90.59194735759372,88.68005570224922,88.69987228025015,30546900
2023-03-01,89.66077423095703,90.34429503087036,89.00696318308053,89.3140596863908,26323900
2023-03-02,91.44388580322266,91.61229649784332,88.9277168095865,89.01687630177516,23328600
2023-03-03,93.13783264160156,93.22699212619408,91.79060010409148,91.86984374196147,30242500
2023-03-06,94.68319702148438,95.3964426390775,93.41520817145646,93.47464278698598,28288200
2023-03-07,93.28641510009766,95.18839821215346,92.963477476835,94.52468653625,24101500
2023-03-08,93.7619171142578,95.33699479457368,93.5192131856001,93.5192131856001,25395200
2023-03-09,91.79058837890624,95.01999483334218,91.48844984705468,93.60341201220665,24438900
2023-03-10,90.15606689453124,92.30570424744108,89.94803820468277,91.63208429839456,32850100
2023-03-13,90.79998016357422,92.20665483541744,89.09611729556816,89.7152530727326,31508600
2023-03-14,93.36568450927734,93.9402443816705,91.9094758068856,92.1967557430822,32303900
2023-03-15,95.64409637451172,96.33752541090077,92.1670277884817,92.6623364024195,38367300
2023-03-16,100.1216812133789,101.01323821484011,94.97047473930677,95.6639037638824,54499500
2023-03-17,101.49864959716795,102.51898422648192,99.8046948886258,99.89384681958629,76140300
2023-03-20,100.9736099243164,101.617512605841,99.84430693854496,100.11177025293952,26033900
2023-03-21,104.846923828125,104.96580061634675,100.90427149139052,101.0231482796123,33122800
2023-03-22,103.24213409423828,106.50126585121976,103.23222580525498,104.15350017764068,32336900
2023-03-23,105.26297760009766,106.09608242858214,104.42095455715798,104.8964465437976,31385800
2023-03-24,105.06485748291016,105.163925248846,103.757243085337,104.74786028222,25236200
2023-03-27,102.09300994873048,104.41105821160072,101.66704423483348,104.33180701882694,25393400
2023-03-28,100.40894317626952,102.03355450749233,99.33907496561798,102.03355450749233,24913500
2023-03-29,100.94391632080078,101.85528253071904,100.08207644705416,101.75622230056464,26148300
2023-03-30,100.36933135986328,100.65661124609402,99.34899688403536,100.48820814107196,25009800
2023-03-31,103.02418518066406,103.21240486055076,100.48820765625436,100.75567096542196,28108000
2023-04-03,103.9256591796875,103.96527721875935,101.4193911921376,101.7066711011724,20719900
2023-04-04,104.13368225097656,105.10448286962652,103.61855707724403,103.8563030878386,20377200
2023-04-05,103.96527099609376,105.54035625717468,103.12522804278704,105.1242988515342,21864200
2023-04-06,107.8782196044922,108.60136596172237,103.83154906138694,104.77758278741246,34684200
2023-04-10,105.94650268554688,106.95693642537998,104.6091710254705,106.38237665628344,19741500
2023-04-11,105.12429809570312,106.21397548455948,104.29217573259564,105.91678730677624,18721300
2023-04-12,104.23274230957033,106.57753000207929,103.98508801119472,106.38237980559624,22761600
2023-04-13,107.17488098144533,107.24917425088286,105.44130082167864,105.47101812945368,21650700
2023-04-14,108.43297576904295,108.55185257354856,106.58051857733687,106.67958635999688,20758700
2023-04-17,105.42150115966795,105.70878111060384,104.3318235388218,104.44079205668751,29043400
2023-04-18,104.13368225097656,106.04557373948776,103.79686847464232,105.99603985661793,17641400
2023-04-19,104.0346221923828,104.73300918041512,102.82607547360612,103.2371749890816,16732000
2023-04-20,104.9063720703125,105.88510092075104,103.65819217410656,103.66810046315068,22515300
2023-04-21,104.9162826538086,105.6394290558322,104.4952672750422,105.0945865136416,22379000
2023-04-24,105.77810668945312,106.31304090099133,104.37143203567284,105.0549603433844,21410900
2023-04-25,103.6284637451172,106.43191217678698,103.57892986302184,105.6096981039833,31408100
2023-04-26,103.469970703125,106.0158567816308,102.3010420236276,104.56955647611876,37068200
2023-04-27,107.35320281982422,108.1258831283122,103.44025982992804,104.24266500688978,38235200
2023-04-28,107.20458984375,107.27393274236552,105.04504414111229,106.78853245205693,23957900
2023-05-01,106.69937896728516,107.66027887190182,106.49135025976138,106.70928725558902,20926300
2023-05-02,104.98562622070312,106.71920651950212,103.51950927113944,106.64986360986256,20343100
2023-05-03,105.12429809570312,107.11543319029916,104.62898950460394,105.22335830236108,17116300
2023-05-04,104.22283172607422,105.302608373272,103.71761485232813,105.1639225738608,19780600
2023-05-05,105.21839904785156,105.44129395727278,103.75625016115524,104.33180000644056,20710600
2023-05-08,107.2244110107422,107.4027224213588,104.79740172639228,104.80235209192246,17266000
2023-05-09,106.92721557617188,109.55730285065064,106.71422896287147,107.75933033875567,24782400
2023-05-10,111.22649383544922,112.44495627118968,107.46215315130809,107.53149605039516,47533500
2023-05-11,115.80316162109376,117.32871314025232,113.85164436893756,114.77291874226678,57115100
2023-05-12,116.81356811523438,117.15038186361156,115.45642750783853,115.9022021854282,31293800
2023-05-15,115.86258697509766,117.68036863282822,115.38709495077312,115.39699568116488,22107900
2023-05-16,118.96322631835938,120.0628121110946,115.7338194057124,115.7338194057124,32370100
2023-05-17,120.34017944335938,121.13266865986192,118.33912848923602,119.05237407455486,26659600
2023-05-18,122.36103057861328,122.7374699434896,120.35007891524926,120.4194218154408,27014500
2023-05-19,122.09355926513672,125.29225823710556,121.5685334041182,123.03464250004062,30268900
2023-05-22,124.6889877319336,125.8579163119382,122.29168840154487,122.35113057192432,29760200
2023-05-23,122.13320922851562,124.2432213809699,121.89546318996832,123.75782101457446,24477900
2023-05-24,120.49867248535156,121.59825815352345,119.61702380478988,120.736418491013,23087900
2023-05-25,123.1832504272461,124.79796134112613,121.74685847400266,124.03518184544043,33812700
2023-05-26,124.25311279296876,124.81776428145342,122.13319263916246,122.90092246277293,25154700
2023-05-30,123.47052001953124,125.1941917310568,121.73694002039556,125.10503981599244,27230700
2023-05-31,122.2124481201172,123.72809124466792,121.94497724060264,122.5393460560212,41548800
2023-06-01,123.20306396484376,123.86677567540065,122.14310386246758,122.3412242794725,25017700
2023-06-02,124.05499267578124,125.55577709763398,123.18324472109344,123.32193052155571,19367500
2023-06-05,125.44186401367188,126.78910412519788,123.212975123578,123.44082042444626,22672500
2023-06-06,126.7098388671875,127.67073867844032,124.78803924468188,125.41212530661518,19450100
2023-06-07,121.78649139404295,128.33447225024045,121.4793948964889,126.3779970667978,34179300
2023-06-08,121.5190200805664,122.56907953803253,120.8652166049838,121.43481851859494,24815000
2023-06-09,121.71713256835938,123.1188567497677,121.2713503138774,121.41003611096714,20304500
2023-06-12,123.1832504272461,123.57949882884036,121.20201597708432,122.23720916341954,22255700
2023-06-13,123.2624969482422,124.67907982874053,122.68298680046688,124.4710511262937,19287700
2023-06-14,123.21295928955078,123.619115951744,121.01379554916524,122.63840708231986,24659600
2023-06-15,124.6097412109375,124.97627230373784,121.98460406215798,122.71765868994903,24517100
2023-06-16,122.89596557617188,125.51119434044872,122.62850226160668,125.51119434044872,56699200
2023-06-20,122.68793487548828,124.00050715916728,121.67750868849164,122.37589560654726,22698000
2023-06-21,120.12225341796876,122.25208208027158,119.726004994641,122.07872103325003,22612000
2023-06-22,122.70774841308594,122.7721333881699,118.47780897359242,119.52786828609874,20781900
2023-06-23,121.86573028564452,122.28179527292784,120.71661821026868,120.894929616873,29573100
2023-06-26,117.97258758544922,121.56853251904523,117.87352738636088,120.32630084414195,23185000
2023-06-27,117.89337158203124,118.77006248506169,115.81307668254998,116.73434355194252,27221700
2023-06-28,119.94393920898438,120.13215134837428,116.49658783155776,116.8532106484574,19753100
2023-06-29,118.88397216796876,119.77552915862908,118.09147538564636,118.96321579995345,18517500
2023-06-30,119.8349609375,120.88501272510128,119.74580146163822,119.96373844951228,23871800
2023-07-03,119.4288101196289,119.88449313578016,118.58183662539231,119.19106410203034,13888300
2023-07-05,121.4793930053711,122.21245522622756,118.93350692575176,118.93350692575176,17830300
2023-07-06,119.79533386230467,120.013270847484,118.13109672561882,119.50805397800548,17732500
2023-07-07,119.01274871826172,120.60764300034482,118.96321483558955,119.75571161148768,20997700
2023-07-10,115.77342224121094,117.95277682008012,115.54557698465771,117.95277682008012,32960100
2023-07-11,116.60554504394533,117.11571227692744,114.74318750320144,115.66446176468736,18286600
2023-07-12,118.49763488769533,119.82505833822478,117.88344948887458,118.1806376787771,22059600
2023-07-13,123.65875244140624,124.15901142905346,119.92412119737055,120.39962080015376,31535900
2023-07-14,124.52057647705078,125.89753375234046,123.72808726790072,123.95592498688026,20499800
2023-07-17,123.88658905029295,126.08576052230214,123.33184581692478,124.87720628577028,20675300
2023-07-18,122.91578674316406,123.81724448529565,122.14310651910569,123.73304292834666,21045800
2023-07-19,121.62798309326172,124.29274587805628,121.3208941684331,123.61912585489596,22313800
2023-07-20,118.40847778320312,123.52996711289929,117.57140500406632,120.9741803712618,27541700
2023-07-21,119.18115234375,120.16186880868445,117.95278913780888,119.7359031124084,56514600
2023-07-24,120.7364273071289,122.19263586902922,120.24111868377832,120.78200090025032,22276100
2023-07-25,121.6378936767578,122.52945071802772,120.38971381897991,120.73642834674882,31820800
2023-07-26,128.44342041015625,130.13736723384093,127.50233716192945,129.13684937644874,46216900
2023-07-27,128.65145874023438,132.3464720038847,127.96793041222344,130.56335791246926,35931600
2023-07-28,131.76197814941406,132.81204499739755,129.69159198913687,129.74112586843327,26971000
2023-07-31,131.86105346679688,132.57429904582148,130.89025286253175,131.76198570252512,18381900
2023-08-01,130.6525115966797,131.67284617913032,129.52320850951978,129.62721909086318,22154300
2023-08-02,127.43299102783205,129.19628836573563,126.65040256345058,128.6217285982947,22705800
2023-08-03,127.56178283691406,128.55240005058604,126.576115988499,127.1655268820738,15018100
2023-08-04,127.33394622802734,130.69213840587855,127.11106639590818,128.38401330551025,20521900
2023-08-07,130.70201110839844,130.82088031295646,128.21555273187536,128.2948039067861,17621000
2023-08-08,130.60299682617188,130.70206461426991,128.90904950529983,129.75106524164428,16836000
2023-08-09,128.92881774902344,131.22705682322965,128.28988056198088,130.9496852267728,17745200
2023-08-10,128.98828125,131.40241202777852,128.81492020479746,130.73176220185246,17855700
2023-08-11,128.9486541748047,129.21612508242578,127.54197940034142,127.98973431560292,15205500
2023-08-14,130.59307861328125,130.6723298100272,128.3740904512554,128.63166061958478,17526200
2023-08-15,129.04771423339844,130.75157712378538,128.6009418602045,130.35532115182343,14769200
2023-08-16,127.89860534667967,129.66982358770017,127.2547101220557,128.0670084805718,17548400
2023-08-17,129.23593139648438,131.2478656937124,128.63165427725878,129.2260155501174,23665600
2023-08-18,126.90796661376952,128.61182936025833,125.80838094732174,127.84904990481871,23627200
2023-08-21,127.72028350830078,128.04718903699768,125.9669017393184,126.65042254918149,21851100
2023-08-22,128.47315979003906,129.72133214383666,127.71533816172976,127.9184165216846,15557900
2023-08-23,131.96011352539062,132.81204485527684,129.28543520242425,129.62225651190874,26497000
2023-08-24,129.1962890625,133.7036001939468,129.07741983949816,133.4628839711207,18680400
2023-08-25,129.46376037597656,130.16709010198554,126.83861580589912,128.91891790931004,20678100
2023-08-28,130.55345153808594,131.98985876203415,129.62228394309412,130.84073902912394,16715500
2023-08-29,134.21873474121094,136.00679159661297,131.7322758049666,131.75011223591184,30803300
2023-08-30,135.64520263671875,135.96220738849482,133.7541178338768,134.297977788526,21773400
2023-08-31,136.06126403808594,137.1013998952931,135.53623818701004,135.76407588647646,28147900
2023-09-01,135.51644897460938,137.279746550401,134.66451749631293,137.13114488678374,16671600
2023-09-05,135.4272918701172,136.0810877719375,134.28807295507104,135.1598209783245,17730200
2023-09-06,134.099853515625,136.19005653676774,133.4262410349935,135.72942313907535,15814300
2023-09-07,134.92205810546875,135.2984974742499,132.70308527632196,133.33707967259514,16976000
2023-09-08,135.91268920898438,136.22473607393488,134.59516639898237,134.59516639898237,17810700
2023-09-11,136.44761657714844,136.96670203809268,135.26877970786336,136.09099378573126,17180800
2023-09-12,134.79327392578125,136.34853488812192,134.65457302297693,135.84332561671516,15212900
2023-09-13,136.20985412597656,136.40797452703626,133.66396086972546,134.62486068626356,16394900
2023-09-14,137.68589782714844,138.24064107190486,135.773998663306,137.0915214274124,19064600
2023-09-15,137.00238037109375,138.05243232706184,135.89287867793988,137.49768903829536,48958800
2023-09-18,137.65615844726562,138.61704312496866,136.33863589440762,136.33863589440762,16233600
2023-09-19,137.52740478515625,137.8691689708886,136.2098819315079,136.95284492386156,15479100
2023-09-20,133.32716369628906,137.53728674500857,133.2578283532554,137.52738601475198,21473500
2023-09-21,130.1274871826172,131.9403186283257,129.8600162832516,131.14782177707747,22058400
2023-09-22,130.0185089111328,131.76198976043258,129.28544673355384,130.44446705625882,17348700
2023-09-25,130.92990112304688,130.9794350166173,128.80998047258353,129.54304279680807,14650000
2023-09-26,128.2353973388672,130.1720558364626,126.98722507128883,129.6856654371149,20378800
2023-09-27,130.22654724121094,130.48410227846742,128.1660615963013,128.22549621138975,18764200
2023-09-28,131.88087463378906,132.9210106167586,129.46376621135272,129.46376621135272,18201400
2023-09-29,130.6128692626953,133.6243385631169,130.08784341464687,132.8219411393303,23237300
2023-10-02,133.90174865722656,134.0899683768247,130.8258859426984,130.91503787862754,19210400
2023-10-03,132.04930114746094,133.9711013031038,131.5688511085502,133.66399721499465,19628700
2023-10-04,134.9914093017578,135.28859748317626,132.17804498203125,132.4058978199694,22848000
2023-10-05,134.71405029296875,135.2192596676863,133.19344912976277,134.85273610851593,15922900
2023-10-06,137.4283447265625,137.8800750788118,133.6739115118383,133.6739115118383,20826700
2023-10-09,138.1910858154297,138.6566770629103,135.41735490497143,136.6952594320964,16599100
2023-10-10,137.89390563964844,139.41946453069258,137.13112619412635,138.20099454072897,19554900
2023-10-11,140.3704376220703,140.88556273754472,138.52788924327442,138.53780508809825,20146300
2023-10-12,138.9737091064453,141.04411097091509,138.1415941139355,140.82617393254984,18173100
2023-10-13,137.27972412109375,140.01382196687155,136.67544706526826,139.33029372652263,19438700
2023-10-16,139.1718292236328,139.5829287502069,138.01280880229513,138.41895040539544,17345600
2023-10-17,139.66712951660156,139.9246845562857,137.22922195040533,138.71613031936417,17424000
2023-10-18,137.97314453125,140.65772344631412,137.40354273817016,139.42935283583634,18304900
2023-10-19,137.67596435546875,139.681973111056,137.29954012507045,138.48827765674187,21831200
2023-10-20,135.4569854736328,137.73539267376472,134.9666197385568,137.28961800920052,24970300
2023-10-23,136.6061248779297,137.7156265752255,133.84230915550012,134.95179573717493,20780700
2023-10-24,138.80528259277344,139.38975825123777,137.44814181330872,137.85429850875798,26535200
2023-10-25,125.4814910888672,128.8793162747686,124.9069312432284,128.5524107531662,58796100
2023-10-26,122.28179168701172,124.28283513994876,121.17229768314184,123.30212621128916,33907400
2023-10-27,122.24217224121094,123.27241510567517,120.32037232501712,122.86625839851668,37367700
2023-10-30,124.5701141357422,125.36261092672758,122.71765723255432,123.29221702812823,24165600
2023-10-31,124.12434387207033,125.37251615965454,122.76224515964172,125.0852362515506,21123400
2023-11-01,126.373046875,126.54144999974862,123.75286747891892,124.16396700174349,26536600
2023-11-02,127.37357330322266,128.8693999735057,126.90798196642604,128.3443740176491,24091700
2023-11-03,129.14675903320312,129.5033818284643,127.7995190417296,127.87877023130083,19529400
2023-11-06,130.21661376953125,130.32558225431717,128.71087155674888,128.9981589782832,15360400
2023-11-07,131.15771484375,132.02946284074213,129.909542579018,130.74165742217266,19223800
2023-11-08,132.00962829589844,132.2869998725301,130.91995856359333,131.11807895895632,15093600
2023-11-09,130.45440673828125,132.70311244993172,130.2760877476426,132.10873596863198,17976500
2023-11-10,132.8021697998047,133.01020611027755,129.64209779025342,130.2959089195997,20872900
2023-11-13,132.38607788085938,132.85166915961034,131.52424578069497,132.10870628274628,16409900
2023-11-14,134.15928649902344,135.95231641312452,133.83239610927498,134.3772235026021,22317300
2023-11-15,135.10037231445312,135.5560477405973,134.0602212795145,135.35792733289907,15840900
2023-11-16,137.3986053466797,137.57692430634432,134.8031930681127,135.67494105843042,17615100
2023-11-17,135.65513610839844,136.70518803275948,134.20882819283102,136.526884173432,25565300
2023-11-20,136.62591552734375,137.12618202513994,134.21872310810755,134.228623837986,19569400
2023-11-21,137.3193359375,137.66110004219885,136.41292795261435,136.64572357297996,17648100
2023-11-22,138.70623779296875,139.7761062847852,137.69580392031648,137.79487169600367,17306400
2023-11-24,136.923095703125,138.36642553211536,136.18013288392078,138.23070240480345,8828600
2023-11-27,136.75469970703125,138.31987660790702,136.249475289763,136.27920771044177,17886400
2023-11-28,137.3193359375,137.35896908577598,135.7541591241763,136.33863469411833,17046900
2023-11-29,135.12017822265625,138.359500655611,135.01616765042365,137.68093030120528,21014700
2023-11-30,132.6634521484375,135.6749368680035,131.54404988777304,135.12017854499595,29913500
2023-12-01,132.06910705566406,132.247410916008,130.91205164724198,132.06910705566406,24268000
2023-12-04,129.4043426513672,130.21664097671334,128.1858724899174,130.06211398923656,24117100
2023-12-05,131.14781188964844,132.28701563544263,128.51276648204666,129.1467608921234,19235100
2023-12-06,130.19680786132812,132.05917298455924,130.07793863750263,131.65301631566422,16360600
2023-12-07,137.15097045898438,138.6864303899979,134.95179871069328,135.31833741248934,38419400
2023-12-08,135.35792541503906,136.69526460038568,134.2979729352816,134.3871248501399,23016100
2023-12-11,133.4361114501953,133.52526335550306,131.64309703724103,132.5643787389368,24502900
2023-12-12,132.38607788085938,133.27762728684888,131.58368039234514,132.019554365271,26584000
2023-12-13,132.7129669189453,133.51536430805174,131.70253329921812,133.28256869751698,25414500
2023-12-14,131.95021057128906,133.7679998193518,129.83029032687446,133.5054868608946,29619100
2023-12-15,132.58421325683594,133.56492980661625,131.3855748116135,131.672847172221,58594000
2023-12-18,135.9027557373047,137.08159244729237,132.51484723446234,132.60399914136477,25699800
2023-12-19,136.8042449951172,137.46795672284853,136.16033472866548,136.70517722624174,20661000
2023-12-20,138.34959411621094,141.73552279270598,138.10193982992914,139.01330578957197,33507300
2023-12-21,140.4695281982422,140.69736593194963,139.15498322712807,139.44919364634666,18101500
2023-12-22,141.38088989257812,141.90591580638187,140.72212098098157,140.79642936447496,18513500
2023-12-26,141.47996520996094,142.5944096344027,141.16296042928883,141.6384524846771,11170100
2023-12-27,140.1129150390625,141.97528042277108,139.72755740731566,141.48987249822855,17288400
2023-12-28,139.95437622070312,140.93509254607125,139.50662142361222,140.51903519714386,12192500
2023-12-29,139.607666015625,140.10793250735853,138.587331572641,139.36001173110233,14881000
2024-01-02,138.2505645751953,139.29567381234918,136.44764873276424,138.2901977367032,20071900
2024-01-03,139.0430450439453,139.76619144167066,137.13114579191696,137.2995640349189,18974300
2024-01-04,136.7447967529297,139.31544969235068,136.71507944506743,138.53782664912916,18253300
2024-01-05,136.10092163085938,137.5075965006909,135.56599489497142,137.0539011157499,15439500
2024-01-08,139.21144104003906,139.32040954224743,136.5863113717732,136.7051806048661,17645300
2024-01-09,141.22238159179688,141.46013515464898,138.4783677935671,138.7458386623234,19579700
2024-01-10,142.45074462890625,143.1689329702741,141.12332131818613,141.1827559267829,16641900
2024-01-11,142.32199096679688,145.28394224550686,140.88064092785189,143.53550325064757,17471100
2024-01-12,142.88661193847656,143.38192047458602,142.01486407792652,142.98566457632828,13998700
2024-01-16,142.72811889648438,144.4715996157822,141.71372489258854,142.08420868813738,19198900
2024-01-17,141.54930114746094,142.0644263603866,139.19162720716656,141.56911772524035,17884500
2024-01-18,143.6295928955078,144.21901133722204,142.00498129636424,142.09413321638348,18876800
2024-01-19,146.5815887451172,146.65092407028848,144.43195181496966,144.93220308737958,27181000
2024-01-22,146.32406616210938,148.60743144180594,146.19528109536097,147.31468331403704,21829200
2024-01-23,147.2849578857422,147.46327684167665,145.8089479332892,146.333973839488,14113600
2024-01-24,148.93931579589844,150.1478701005559,148.4340913033293,148.87986606129832,19245000
2024-01-25,152.19842529296875,153.30791171479203,149.80113349403268,150.31625866800155,21495100
2024-01-26,152.34703063964844,152.66403543681335,151.3663291691134,151.4356645212303,19494500
2024-01-29,153.3871612548828,153.7437840460081,151.48517807408737,152.19842365633798,20909300
2024-01-30,151.61395263671875,153.58527102369084,151.34152386043058,152.56493660339433,26578900
2024-01-31,140.4695281982422,144.22396090148592,140.22187388728463,144.0258404758438,43908600
2024-02-01,141.37100219726562,143.26306976127276,140.9252123176774,142.34180292344746,25526900
2024-02-02,142.1931610107422,142.52998228685735,136.87355242748814,139.568031942712,42136100
2024-02-05,143.57012939453125,145.29380859431987,142.55971083333344,142.68848077802488,29254400
2024-02-06,144.045654296875,145.36317701983353,143.1640055713607,144.5904967936803,21517700
2024-02-07,145.30374145507812,145.62074625344073,143.8475478989148,144.74899817356433,21436100
2024-02-08,145.8386688232422,146.2250089357038,145.0461720214796,145.5910145174176,18241300
2024-02-09,148.81053161621094,149.2810808786973,146.04670089187476,146.56182611886717,21877700
2024-02-12,147.33447265625,149.1770210119191,147.16606956814684,148.13687006481902,17236100
2024-02-13,144.9966278076172,146.65095663879669,143.748455636804,144.6994547542937,18138500
2024-02-14,145.75941467285156,146.44294296155215,144.189279754922,145.9872523972121,16651800
2024-02-15,142.58944702148438,143.4017452929063,140.5487779387875,143.10457221532477,26724300
2024-02-16,140.4298858642578,143.1243658005953,140.19214741527534,142.85691004549005,21865100
2024-02-20,140.86575317382812,141.98415773941795,139.47889523501385,139.61758102889527,18625600
2024-02-21,142.49037170410156,142.62905750483318,140.57848780004295,141.30163410988504,16440800
2024-02-22,143.95651245117188,144.82824539146137,142.65879109862598,144.74899419404954,23024700
2024-02-23,143.92677307128906,144.58554200485867,143.43146444811418,143.60978341257933,14519400
2024-02-26,137.44815063476562,142.49038907354614,137.43824990337026,142.1040489304408,33513000
2024-02-27,138.78550720214844,139.17184739303246,137.20051327688853,138.10197876082538,22364000
2024-02-28,136.14051818847656,137.97316610383112,135.3579372303791,137.7948622585504,30628700
2024-02-29,138.46844482421875,138.6368479025017,136.2791896909242,137.05186975157122,35485000
2024-03-01,136.784423828125,138.68640702487764,136.6804132552296,138.3000669242188,28551500
2024-03-04,132.94081115722656,135.34801855876523,131.61338787736167,135.25885153232505,43571500
2024-03-05,132.52474975585938,132.76250329309832,130.31567793312524,131.49451465905764,28447600
2024-03-06,131.3162078857422,133.47576114766846,130.71193081547483,132.98045256927287,23175200
2024-03-07,133.9710693359375,134.54562909907744,131.41527526498456,132.63373013191645,24107300
2024-03-08,135.01119995117188,137.6809203315675,133.53519012383143,133.76798575047889,26495200
2024-03-11,137.63636779785156,138.6666031218925,135.78391831457228,135.78391831457228,22536400
2024-03-12,138.30995178222656,138.96376268234744,136.91319318820825,136.95281122051082,19019700
2024-03-13,139.4491729736328,140.85584743746412,138.69629430593625,138.7458281839085,19637000
2024-03-14,142.9856719970703,143.37201207066147,140.15746434147837,140.964819715736,36117900
2024-03-15,140.8360595703125,142.98569729504456,139.8058242303326,142.06443046256814,41039500
2024-03-18,147.0868377685547,151.49508128977445,146.75003154797136,147.96848647279865,47676700
2024-03-19,146.53208923339844,148.2161353907802,145.63062398549712,147.58214100980288,17748400
2024-03-20,148.2755889892578,148.3548401864806,146.27949575079614,147.39394020413226,17730000
2024-03-21,147.34442138671875,149.88534204242256,146.6212598806409,148.90959852124163,19843900
2024-03-22,150.3459930419922,151.1285740643062,148.68174810471223,148.83034977025932,19252900
2024-03-25,149.73179626464844,150.03492491136706,147.4038547191968,149.53367583119172,15114700
2024-03-26,150.27662658691406,151.76255239057298,149.61291487515402,149.8209511385386,19312700
2024-03-27,150.51438903808594,151.25735198375324,148.7213742143747,150.7174673904427,16622000
2024-03-28,150.8313751220703,151.23753181714537,149.91010834680296,150.57382008197416,21105600
2024-04-01,155.03158569335938,155.52689427384934,150.22708641635938,150.40540536545728,24469800
2024-04-02,154.40750122070312,154.52638556570594,152.02012520874013,153.29801477147154,17598100
2024-04-03,154.90281677246094,155.08113574014675,152.68582392076033,153.46642476243457,17266200
2024-04-04,150.51438903808594,154.71459655026172,150.45495442093173,153.6249266326549,24184800
2024-04-05,152.49563598632812,153.38718554753095,149.66345230006024,150.2568311202864,16297300
2024-04-08,154.67495727539062,155.18512449008324,152.54513650312848,152.56989588500358,16641500
2024-04-09,156.6562042236328,158.3897843327099,155.1702784158525,155.87362328240752,21521500
2024-04-10,156.18072509765625,156.67603374116098,154.73441720774957,156.39866211004795,16339200
2024-04-11,159.2813262939453,159.60823177018526,156.44816061548406,156.8543172782929,17841700
2024-04-12,157.6963653564453,160.18280925821207,157.1119047959072,157.90934444137733,16989800
2024-04-15,154.8632049560547,159.32098282428095,154.684885981203,158.77614028392918,21140900
2024-04-16,154.53627014160156,155.7547249622682,153.59518690424738,154.17964737511164,15413200
2024-04-17,155.4080352783203,157.1921318238018,154.67001516620363,155.71512419993348,16237800
2024-04-18,155.9825897216797,156.99796629735252,154.74431823153293,155.45260589614836,14016100
2024-04-19,154.2589111328125,156.5076164024738,152.46589642466338,156.26986283356064,21479900
2024-04-22,156.46798706054688,157.69139993331558,154.19948027494195,154.5461872329796,17243900
2024-04-23,158.41946411132812,158.9742071963196,156.48280612009202,157.10194172666564,16115400
2024-04-24,159.58843994140625,159.87571228388947,157.32983389254926,157.59728965828975,19485700
2024-04-25,156.46798706054688,156.79489255740702,151.33461696427003,151.921057643129,36197800
2024-04-26,172.060302734375,174.76468343989305,169.79178089681855,174.33872530224235,56500800
2024-04-29,166.32461547851562,169.7719740860382,165.49250069005913,169.16769701250277,35914600
2024-04-30,163.09519958496094,168.27612281244916,162.9565137948666,165.80949589465575,29420800
2024-05-01,164.01649475097656,167.22608475980573,163.35276793457385,164.62075672347748,25223200
2024-05-02,166.87937927246094,166.94871461596915,164.13536541072875,165.1061660291756,17041100
2024-05-03,167.4044189453125,168.25635040746243,163.43203399378567,167.94924635472205,22767100
2024-05-06,168.23651123046875,168.305846570366,166.31471155431106,167.63223416853893,15147900
2024-05-07,171.35694885253906,171.84235669334993,168.40491400413376,168.5237832240801,21102400
2024-05-08,169.55406188964844,170.29602723892506,168.9220475640983,169.14790516603964,14569900
2024-05-09,169.97012329101562,170.8220547994191,168.33559562718406,169.54414997900344,11937700
2024-05-10,168.69219970703125,169.73235081093375,166.334541002554,168.09783844452926,18740500
2024-05-13,169.29647827148438,169.34601215602362,164.20470632260918,164.29089558401984,19648600
2024-05-14,170.31683349609375,171.1588642886858,168.8210067412717,169.9800272253054,18729500
2024-05-15,172.24851989746094,172.4129627119268,170.41587207031947,170.6833429409853,20958200
2024-05-16,173.78396606445312,174.68543133343263,172.41692462340487,172.96176710001987,17247300
2024-05-17,175.62652587890625,175.82960422935122,173.3382024462926,173.9028615351815,16546400
2024-05-20,176.78553771972656,178.2615475531424,175.56212497305302,175.6463189634279,17495100
2024-05-21,177.85540771484375,178.1327944407655,175.64633556292642,176.72610469700604,14706000
2024-05-22,176.3298797607422,177.1738906599924,175.12132544302003,176.72612063530468,16189400
2024-05-23,173.41744995117188,178.22194956529864,172.9023247589434,177.10254725784617,14928400
2024-05-24,174.67552185058594,175.64038197611305,173.5561196470511,174.8637415254052,11403600
2024-05-28,176.34967041015625,176.8350631427841,174.03161477637013,174.09106450287192,15655300
2024-05-29,175.7354736328125,176.5576876684094,174.60617070398666,175.15101315114342,15023800
2024-05-30,171.93153381347656,175.03217075698623,171.6046282950818,175.03217075698623,18826300
2024-05-31,172.32777404785156,172.7834494932143,169.36582319051846,171.7730157210335,28085200
2024-06-03,172.78343200683594,174.20992304304954,170.831915119185,172.24850542606447,20742800
2024-06-04,173.48678588867188,173.5462204990264,171.59470350908947,172.81315836821165,14066600
2024-06-05,175.40859985351562,176.30014931265117,173.64528728094336,174.87861600867805,15233900
2024-06-06,176.67660522460938,177.03322806474984,175.54730208343477,175.76522398765655,14255800
2024-06-07,174.29908752441406,177.7365303034274,174.140585149933,176.78554628777795,14716300
2024-06-10,175.1718292236328,176.99663540244106,172.94040418339307,174.99330735134745,17099800
2024-06-11,176.71897888183594,176.9173247822153,173.9916811363586,176.2528576928922,14402400
2024-06-12,178.07762145996094,180.5768215769711,176.31231764436367,178.26605531659524,18600400
2024-06-13,175.2809295654297,177.03630644669272,175.20158818895368,176.37183944312906,15956900
2024-06-14,176.89743041992188,177.25445898225914,174.40022801546573,174.40022801546573,12361600
2024-06-17,177.30409240722656,178.43468060784477,175.03300400813973,175.51894916077123,15272900
2024-06-18,174.9933319091797,177.43303028732612,174.17018207399104,177.31401064482665,15640300
2024-06-20,176.242919921875,177.26441553563373,175.00323930975813,175.2511754321815,16753200
2024-06-21,178.7718505859375,181.00525801622365,176.59001580447824,177.0164737905671,58903200
2024-06-24,179.29751586914062,180.57687499378196,178.74214126392266,179.78347621511784,18198300
2024-06-25,184.0479431152344,184.2165378615381,179.6098804972053,179.6495587509355,18797000
2024-06-26,183.83966064453125,184.39503510558444,182.47106361774132,182.67932147422675,13375700
2024-06-27,185.3173675537109,185.95208339304645,183.9190042547186,184.11240168520064,13025700
2024-06-28,181.90577697753903,185.03969327426924,181.811560038065,184.18679238674952,23032400
2024-07-01,182.96694946289065,183.8099232137737,181.22146944634176,182.9570223328201,11815900
2024-07-02,185.0694274902344,185.40661696237623,181.54873175994908,181.95535060549489,12555500
2024-07-03,185.84298706054688,186.071084040942,183.85453464736307,184.7619892699581,7409100
2024-07-05,190.37527465820312,190.67278589222627,185.77358093386965,185.77358093386965,14303400
2024-07-08,188.9074859619141,190.09659268843956,187.7570738560168,189.78518951937895,12097600
2024-07-09,188.86782836914065,191.26784828599932,188.65955536198584,190.1670112660564,10198500
2024-07-10,191.0695037841797,191.7141316721861,189.0463364791623,189.1752681098918,12052900
2024-07-11,185.7537384033203,190.82155314517996,185.27770530478716,189.760379320545,16452000
2024-07-12,185.2380523681641,187.1322881573144,184.60333643910263,185.3768960047456,14449100
2024-07-15,186.63641357421875,188.33228831930623,184.95045082704345,184.95045082704345,12186000
2024-07-16,183.96861267089844,188.76865262569072,183.5917449021697,187.40005544708248,12760100
2024-07-17,181.1123809814453,183.7008348065616,180.120636452785,183.15537228923424,17376600
2024-07-18,177.74046325683594,182.53059135155584,176.73880668776354,182.0247919352504,17877200
2024-07-19,177.90904235839844,180.4677449427541,177.38341899256622,178.8809477154139,14485900
2024-07-22,181.8363800048828,182.77853435630684,180.39833821643265,180.844635396474,16303900
2024-07-23,182.0843048095703,183.6909261325657,181.81652954479748,182.32231381574988,23772600
2024-07-24,172.93048095703125,176.48092802824482,172.1370974755162,173.94206456862884,31250700
2024-07-25,167.76351928710938,173.75364998121933,167.65442677636923,172.81149564273002,28967900
2024-07-26,167.28744506835938,168.43787225196263,164.49569717810812,167.37671356900492,25150100
2024-07-29,169.7172088623047,170.73870429248103,168.31884575127282,169.09240510358464,13768900
2024-07-30,170.44122314453125,171.5222210986413,168.7155821374334,170.41147201792796,13681400
2024-07-31,171.72056579589844,174.45779048698722,170.30237832823988,173.47595791742435,15650200
2024-08-01,171.02633666992188,174.2296671803092,169.10234991111668,170.56021554246618,17177800
2024-08-02,167.009765625,168.8048358587624,165.01636465314155,166.8015077570252,18907800
2024-08-05,159.3138427734375,164.57009187761233,155.3072014783792,156.0708338808162,34907800
2024-08-06,159.21466064453125,161.00973096055046,156.82456782131794,159.61633110252856,36146500
2024-08-07,159.42294311523438,163.4295846072473,158.91715882128483,161.89239259637475,19334200
2024-08-08,162.48741149902344,164.13371096291493,160.69235641669226,161.0037595821299,15733600
2024-08-09,164.02464294433594,164.1535745881054,159.60145525783068,160.31056416574077,13549200
2024-08-12,162.59649658203125,165.32379376973262,162.19980486240237,164.6246121293109,12435000
2024-08-13,164.56015014648438,165.16511486931805,163.40973807968246,163.82130537004713,12717600
2024-08-14,160.69235229492188,163.59817140740742,158.2129911657244,162.85436306864815,22515900
2024-08-15,161.82293701171875,162.17005361574226,160.1568136311717,160.8708708322116,18392500
2024-08-16,163.37998962402344,165.57173643087194,161.73369017004822,162.060967661464,16853100
2024-08-19,167.009765625,167.07919500287156,164.71883828035763,165.62132939576824,13100800
2024-08-20,167.56512451171875,169.003150728096,167.2675981935124,167.34693955388855,12622500
2024-08-21,166.24615478515625,167.24781139927487,165.19490791368443,165.61143883637203,15269600
2024-08-22,164.12380981445312,168.0213586033965,163.6676006663833,167.64449083467883,19123800
2024-08-23,166.04776000976562,166.56347134235136,164.29238329221874,165.17503521556534,14281600
2024-08-26,166.5436553955078,167.98169710252634,164.94696119389417,166.76680397289232,11990300
2024-08-27,165.0064697265625,166.85606370190516,164.78828470613698,166.22631133507144,13718200
2024-08-28,163.14198303222656,166.00812425647686,161.9320534368026,165.40315945876486,15208700
2024-08-29,162.051025390625,166.24611500722767,160.64473258831458,164.68906906926014,17133800
2024-08-30,163.7469482421875,163.915543004883,162.06098548241124,162.86429617112208,18498800
2024-09-03,157.30059814453125,162.0312237187241,156.551826193132,161.9667579039917,26533100
2024-09-04,156.5072021484375,159.07581685402644,156.14026151415925,156.7700138440623,17410700
2024-09-05,157.29067993164062,159.6857361825102,156.219594081725,156.47744219764513,14139500
2024-09-06,150.87408447265625,157.90554882590948,150.6806870457014,157.37992549039694,24999100
2024-09-09,148.5006866455078,153.56524758085047,147.17000331520651,152.562272560741,28057700
2024-09-10,148.96742248535156,151.2415154318112,148.50367287097507,150.3974168852189,20401800
2024-09-11,151.0925750732422,151.42028344283213,147.6665550678823,150.03994433302512,18991500
2024-09-12,154.45899963378906,154.5285204112908,152.43318417900716,153.73407733290404,20980800
2024-09-13,157.26931762695312,158.168026630309,155.0250301679067,155.27527766732368,16733900
2024-09-16,157.88502502441406,158.13328752452324,156.5146111749345,157.22960838746815,14157600
2024-09-17,159.1660614013672,160.46695454732912,158.30211270348985,158.97737946671782,12064800
2024-09-18,159.6923828125,160.50669116096248,158.55038126820853,159.73211330170113,16756500
2024-09-19,162.10548400878906,163.8433214718444,161.3924718207304,163.67450479376214,17548200
2024-09-20,163.49574279785156,163.60497889821792,162.04588320687435,163.3765816529936,46362700
2024-09-23,161.93666076660156,165.45205088216574,161.8174844701024,164.1908732173316,15648400
2024-09-24,162.50270080566406,163.40637993905065,160.9038897053418,163.10846190958097,18774100
2024-09-25,161.8572235107422,163.0756856672283,161.64370624656462,161.83735826815212,13607900
2024-09-26,162.69137573242188,164.3497673367662,162.3636674293733,163.8830326463097,18234500
2024-09-27,164.14122009277344,165.8095518935289,162.691375646675,162.77082146125764,13604300
2024-09-30,166.0280303955078,166.19684707562433,163.49574988827916,163.63477628088927,14070100
2024-10-01,167.24948120117188,169.25544646816078,164.7469909281875,167.68642563088636,18629500
2024-10-02,166.14718627929688,167.70628198883736,165.0945557467933,166.59405573046956,12745000
2024-10-03,166.0478973388672,166.74302930903772,164.22067382089543,164.6675584435498,11004300
2024-10-04,167.38851928710938,168.37164432262816,165.79964824860207,168.1630971383393,11422100
2024-10-07,163.2474822998047,168.71918212379873,162.98929476522028,167.96446960927054,14034700
2024-10-08,164.54837036132812,164.94559942494973,163.16803156481424,164.28024263747596,11723900
2024-10-09,161.92672729492188,165.10448419999233,160.00020790951473,163.70925019047905,19666400
2024-10-10,162.0458984375,163.16904991376168,160.51660804137322,160.9833427729214,12900500
2024-10-11,163.37660217285156,164.12138972723744,161.37063678360465,162.19487016212068,10946000
2024-10-14,165.19386291503906,166.45502542378924,163.6347672422009,163.76386858275777,9981800
2024-10-15,165.74002075195312,167.9148024377489,164.8959374362202,165.9783581807865,14829300
2024-10-16,165.58116149902344,166.1174018287217,164.06775124698822,164.87608933588828,9968500
2024-10-17,163.3666229248047,166.76285154267384,163.22759655399383,166.21668625553417,15113400
2024-10-18,163.90289306640625,165.2137110872989,163.6049750585136,163.72413620057492,13091300
2024-10-21,164.647705078125,165.0647842903146,163.16308491562907,163.43618277725645,11384000
2024-10-22,165.6605987548828,166.30607515669922,163.52553228591398,163.55532257198306,11958600
2024-10-23,163.33688354492188,166.43521030001253,162.49576995120375,165.27332829638937,12754300
2024-10-24,163.38650512695312,163.9028953376067,161.63874269063112,163.4460856988094,12764400
2024-10-25,165.82943725585938,166.23657626997732,164.08165942845903,164.2157308861581,14566400
2024-10-28,167.1700439453125,169.4203018125172,164.6377632544694,169.40440658674908,20858300
2024-10-29,169.95059204101562,170.6655893190637,167.48783205703992,168.2077842816807,28916100
2024-10-30,174.9158172607422,182.51264330298125,174.52355828845648,181.14224467839952,49698300
2024-10-31,171.48980712890625,177.17997939292334,171.3607057798754,173.50569741909058,32801900
2024-11-01,171.4500732421875,172.61195505493563,169.12633992217164,170.3477871566302,21752900
2024-11-04,169.49375915527344,170.72514655525302,168.30707233770866,170.0498798587331,16194000
2024-11-05,170.21871948242188,170.9009413784906,169.18593890377872,169.6427486121674,12518300
2024-11-06,177.09060668945312,177.3984497621831,173.82346373396956,174.1313219594399,27061500
2024-11-07,181.01315307617188,181.3110711071946,177.64671417691807,177.8651863894854,16730400
2024-11-08,178.60997009277344,181.08266999912087,178.3219922656439,180.73509644486165,15021500
2024-11-11,180.70530700683597,180.81951321011272,178.73907227904024,178.8185180961797,12503400
2024-11-12,182.04592895507807,182.74601585406003,179.73212069163418,180.11940957633783,14065800
2024-11-13,179.23558044433594,181.3458114646272,178.86814168046988,180.88403174881137,13969700
2024-11-14,176.11741638183594,179.19090721876722,174.8065831619554,178.5007302235862,17925800
2024-11-15,172.68145751953125,174.65763240156934,171.54441106873682,174.41929495538076,21708900
2024-11-18,175.57122802734375,175.68046412411874,173.20776438043342,173.73904972169086,18662800
2024-11-19,178.33192443847656,178.91782031371255,173.89894466327564,174.01712088866657,15392900
2024-11-20,176.09756469726562,177.8651925490767,174.11146462532136,177.58713975122382,15729800
2024-11-21,168.0637664794922,174.35969905705952,164.16107258714973,174.23556782255193,38839400
2024-11-22,165.412353515625,167.09556546498456,164.55832986954186,165.9982494063908,24497000
2024-11-25,168.25244140625,169.2752967688321,166.23655127207525,166.822462243513,21395700
2024-11-26,169.43418884277344,170.3031076065772,168.25245689956185,168.3120526288106,14937500
2024-11-27,169.63279724121094,169.95056534111978,168.49078072383793,169.4937557036227,12433400
2024-11-29,169.3050994873047,169.6824481823988,167.57718703709125,168.87808010905923,9250700
2024-12-02,171.77777099609375,172.39347225063338,169.08661419721733,169.1362697237875,16593400
2024-12-03,171.81752014160156,173.10848820895754,171.31105492940742,171.9168160527884,15721500
2024-12-04,174.8661651611328,175.20379851346522,171.54938190594748,171.57917219275683,18239800
2024-12-05,173.0985565185547,176.4749358724117,172.80063846487,176.0876469484441,16145500
2024-12-06,175.26339721679688,175.60997069160686,172.34382783797165,172.67153615118065,13319500
2024-12-09,176.06869506835938,177.00320839936205,174.37858258627782,174.69175066583918,19887800
2024-12-10,185.4437561035156,186.93502097230703,181.60623390102847,183.4603786824009,34317400
2024-12-11,195.56448364257807,195.7434281471645,185.1753261438476,185.61276627052223,41664500
2024-12-12,192.50241088867188,195.5595007563821,192.15444302701076,195.15686046585068,25197800
2024-12-13,190.2655334472656,193.20828785645608,190.14622193288685,191.58779022130224,18883200
2024-12-16,197.0060272216797,199.4715807984867,192.97960919222217,193.2331290648332,32248600
2024-12-17,195.97210693359372,201.69857445433684,195.5446182326694,197.37389972627005,24129500
2024-12-18,189.0426788330078,197.53295569027492,188.17775002520412,195.68378656433055,27638400
2024-12-19,188.5953063964844,193.46678105568805,188.4163618820712,192.15446060359776,26981200
2024-12-20,191.83631896972656,193.00446431173896,185.28468379825043,185.92095620072337,45319700
2024-12-23,194.8486785888672,195.3457668921676,190.51406797729044,192.90008576515996,15235900
2024-12-24,196.41946411132807,196.5188726622677,194.06126816128,195.02760786880395,6809800
2024-12-26,195.9521942138672,197.0060188766564,194.7293461965436,195.5942900670775,7907900
2024-12-27,192.91000366210935,195.6539405432504,190.85405343197183,195.3258604739866,14693000
2024-12-30,191.56790161132807,192.6515505218482,189.25146819044303,189.7535322543702,12209500
2024-12-31,189.3310089111328,192.12464294802623,188.4760163615914,191.3243380041181,14355200
